punto_id,tipo,nombre,lat,lon,color_default
1,espacio_verde,Escuela Scalabrini Ortiz,-34.57933403590375,-58.44533872781402,#2ca02c
2,espacio_verde,Polideportivo Colegiales,-34.58031109103991,-58.44471904622867,#2ca02c
3,espacio_verde,Espacio verde 3,-34.54701920859748,-58.438000790001155,#2ca02c
4,espacio_verde,Plaza Rafael Hernández,-34.562312075732116,-58.45518807084863,#2ca02c
5,espacio_verde,Plaza Pques. Nacionales Argentinos,-34.55246592517004,-58.43699187282284,#2ca02c
6,espacio_verde,Espacio verde 6,-34.57531004831621,-58.41537071644673,#2ca02c
7,espacio_verde,Espacio verde 7,-34.575370971471266,-58.41541350849808,#2ca02c
8,espacio_verde,República de Montenegro,-34.574531351139534,-58.414682302719704,#2ca02c
9,espacio_verde,Ing. G. Ave Lallemant,-34.5494076230915,-58.47364409502001,#2ca02c
10,espacio_verde,Espacio verde 10,-34.554984631800814,-58.49426692273776,#2ca02c
11,espacio_verde,Espacio verde 11,-34.55531686040779,-58.4823896504967,#2ca02c
12,espacio_verde,Paseo de la República Popular de China,-34.55379430407778,-58.49207855071288,#2ca02c
13,espacio_verde,Espacio verde 13,-34.65455478756577,-58.47677219573543,#2ca02c
14,espacio_verde,Irma Carrica,-34.6546791707698,-58.47583930172339,#2ca02c
15,espacio_verde,Plaza Barrio Marcelo T de Alvear,-34.643435126785334,-58.48385408780086,#2ca02c
16,espacio_verde,Eloy Alfaro,-34.56286687907241,-58.43992649063292,#2ca02c
17,espacio_verde,Tric y Trake,-34.58603899717232,-58.47014188385948,#2ca02c
18,espacio_verde,Jorge N. Williams,-34.60086023140101,-58.49408166785645,#2ca02c
19,espacio_verde,Espacio verde 19,-34.642810060078226,-58.461070065297726,#2ca02c
20,espacio_verde,Plaza Tupac Amarú,-34.64237282149752,-58.46192421135671,#2ca02c
21,espacio_verde,Espacio verde 21,-34.670191869377206,-58.444083412526616,#2ca02c
22,espacio_verde,Espacio verde 22,-34.66762824705508,-58.44172506805756,#2ca02c
23,espacio_verde,Martín Boneo y Villalonga,-34.655370558416024,-58.47217420822423,#2ca02c
24,espacio_verde,Espacio verde 24,-34.65576273572483,-58.46567166327019,#2ca02c
25,espacio_verde,Espacio verde 25,-34.651077595724956,-58.466232727207725,#2ca02c
26,espacio_verde,Espacio verde 26,-34.65045249740074,-58.46544592062804,#2ca02c
27,espacio_verde,Espacio verde 27,-34.67999451208612,-58.45032559549084,#2ca02c
28,espacio_verde,Plaza Irlanda,-34.61460591189772,-58.45781588097853,#2ca02c
29,espacio_verde,Espacio verde 29,-34.680183314254066,-58.466113727862115,#2ca02c
30,espacio_verde,Espacio verde 30,-34.6738717560631,-58.45819844129036,#2ca02c
31,espacio_verde,Espacio verde 31,-34.675451417676236,-58.45623970760345,#2ca02c
32,espacio_verde,Espacio verde 32,-34.67605108247519,-58.45538440989812,#2ca02c
33,espacio_verde,R. Raffo Bonta,-34.6025252049017,-58.48292982841293,#2ca02c
34,espacio_verde,Paturuzú,-34.58550870085825,-58.46983456574535,#2ca02c
35,espacio_verde,de la Historieta,-34.58347187482364,-58.46956277806624,#2ca02c
36,espacio_verde,Espacio verde 36,-34.67879137804977,-58.45188489736973,#2ca02c
37,espacio_verde,Espacio verde 37,-34.679003075895906,-58.451728589657634,#2ca02c
38,espacio_verde,Paseo de los Vecinos destacados de Villa Lugano Comuna 8 - Bautista Mazzini,-34.67476052607984,-58.472615902888464,#2ca02c
39,espacio_verde,Espacio verde 39,-34.67235663860369,-58.47616351859127,#2ca02c
40,espacio_verde,Espacio verde 40,-34.67207901439701,-58.46049349978729,#2ca02c
41,espacio_verde,Espacio verde 41,-34.66967699668512,-58.46355479388552,#2ca02c
42,espacio_verde,Estado de Kuwait,-34.654951418910635,-58.4742050790406,#2ca02c
43,espacio_verde,Espacio verde 43,-34.6524298505051,-58.48798662458276,#2ca02c
44,espacio_verde,Espacio verde 44,-34.654587674146235,-58.48039966633633,#2ca02c
45,espacio_verde,Espacio verde 45,-34.63317136096497,-58.52053877676735,#2ca02c
46,espacio_verde,Espacio verde 46,-34.63324512460126,-58.51905414298115,#2ca02c
47,espacio_verde,Espacio verde 47,-34.633114351329894,-58.51797267514043,#2ca02c
48,espacio_verde,Espacio verde 48,-34.69760529562243,-58.46957702840466,#2ca02c
49,espacio_verde,Espacio verde 49,-34.697861403875606,-58.46983305807321,#2ca02c
50,espacio_verde,Espacio verde 50,-34.696809132919455,-58.468640171451476,#2ca02c
51,espacio_verde,Espacio verde 51,-34.69676779064122,-58.468684329258004,#2ca02c
52,espacio_verde,Espacio verde 52,-34.69485953351847,-58.466592402412125,#2ca02c
53,espacio_verde,Espacio verde 53,-34.69487262781182,-58.46652096031823,#2ca02c
54,espacio_verde,Espacio verde 54,-34.692167506251636,-58.46359807234527,#2ca02c
55,espacio_verde,Espacio verde 55,-34.6921352112069,-58.46364732665679,#2ca02c
56,espacio_verde,Espacio verde 56,-34.69095087513144,-58.462329011061776,#2ca02c
57,espacio_verde,Espacio verde 57,-34.69140346668491,-58.46275377845361,#2ca02c
58,espacio_verde,Espacio verde 58,-34.68652512035487,-58.45749853218578,#2ca02c
59,espacio_verde,Espacio verde 59,-34.68015413310633,-58.4673651838817,#2ca02c
60,espacio_verde,Plaza Alemania,-34.576764402144605,-58.408266406329105,#2ca02c
61,espacio_verde,Espacio verde 61,-34.680114707611324,-58.46717799830719,#2ca02c
62,espacio_verde,Espacio verde 62,-34.680710838794354,-58.46745414668527,#2ca02c
63,espacio_verde,Espacio verde 63,-34.68031204062248,-58.46697800251896,#2ca02c
64,espacio_verde,Espacio verde 64,-34.68850162456292,-58.46385167928663,#2ca02c
65,espacio_verde,Espacio verde 65,-34.68805993372552,-58.46441538787352,#2ca02c
66,espacio_verde,Espacio verde 66,-34.685699112794495,-58.46744689864607,#2ca02c
67,espacio_verde,Espacio verde 67,-34.68463925077058,-58.4688062791363,#2ca02c
68,espacio_verde,Espacio verde 68,-34.68381940880507,-58.4698575637938,#2ca02c
69,espacio_verde,Espacio verde 69,-34.68354552693461,-58.47020923980118,#2ca02c
70,espacio_verde,Plaza Brig. Gral. J. M. Zapiola,-34.57360610943311,-58.475170135820555,#2ca02c
71,espacio_verde,Espacio verde 71,-34.68656357779183,-58.46633515246741,#2ca02c
72,espacio_verde,Paseo de los Vecinos destacados de Villa Lugano Comuna 8 - Amalia Celia Figueredo,-34.67826242668398,-58.476426194938426,#2ca02c
73,espacio_verde,Paseo de los Vecinos destacados de Villa Lugano Comuna 8 - Padre Mario Fabián Alsina,-34.67760232943235,-58.47566975422292,#2ca02c
74,espacio_verde,Paseo de los Vecinos destacados de Villa Lugano Comuna 8 - Gilda,-34.67691565867652,-58.47492389299787,#2ca02c
75,espacio_verde,Paseo de los Vecinos destacados de Villa Lugano Comuna 8 - Dr. José A. Almada,-34.67585088733274,-58.47377191672774,#2ca02c
76,espacio_verde,Espacio verde 76,-34.67330981267857,-58.4765962587017,#2ca02c
77,espacio_verde,Espacio verde 77,-34.67291748251379,-58.47771820877811,#2ca02c
78,espacio_verde,Espacio verde 78,-34.6730601449084,-58.477677044382766,#2ca02c
79,espacio_verde,Espacio Recreativo Leito,-34.66808251518294,-58.49685405629315,#2ca02c
80,espacio_verde,Eleodoro Marenco,-34.668186356514994,-58.49743523960524,#2ca02c
81,espacio_verde,Irene Bernasconi,-34.664565692379945,-58.438039055284825,#2ca02c
82,espacio_verde,Mayor Bernardo Alberte,-34.663510662170346,-58.435857758937225,#2ca02c
83,espacio_verde,Atahualpa Yupanqui,-34.66234878642493,-58.43338349379727,#2ca02c
84,espacio_verde,Espacio verde 84,-34.66130225069698,-58.4307700107664,#2ca02c
85,espacio_verde,Espacio verde 85,-34.66131380368702,-58.43088165348104,#2ca02c
86,espacio_verde,Espacio verde 86,-34.660959118478424,-58.43114754703478,#2ca02c
87,espacio_verde,Espacio verde 87,-34.661139785238404,-58.4311358448737,#2ca02c
88,espacio_verde,Espacio verde 88,-34.66090088804645,-58.43110040730398,#2ca02c
89,espacio_verde,Armando Tejada Gómez,-34.66090390657923,-58.43056655931849,#2ca02c
90,espacio_verde,Espacio verde 90,-34.65823497699661,-58.43233244376351,#2ca02c
91,espacio_verde,Espacio verde 91,-34.65829247279748,-58.43239467812394,#2ca02c
92,espacio_verde,Espacio verde 92,-34.65902325308288,-58.42148744201369,#2ca02c
93,espacio_verde,Máximo Mena,-34.657905532402935,-58.42465740634946,#2ca02c
94,espacio_verde,Islas Canarias,-34.65685494609839,-58.422439516992654,#2ca02c
95,espacio_verde,Espacio verde 95,-34.65468232597297,-58.44897124426483,#2ca02c
96,espacio_verde,Ing. Agr. Benito J. Carrasco,-34.565993714474345,-58.399723608781215,#2ca02c
97,espacio_verde,Espacio verde 97,-34.59506020689596,-58.465172063130716,#2ca02c
98,espacio_verde,Espacio verde 98,-34.656783469413966,-58.4515632069322,#2ca02c
99,espacio_verde,Espacio verde 99,-34.651201339567415,-58.45398439413391,#2ca02c
100,espacio_verde,Espacio verde 100,-34.651056842596134,-58.454550170027886,#2ca02c
101,espacio_verde,Cesáreo Onzari,-34.65087905875442,-58.46106158425157,#2ca02c
102,espacio_verde,Espacio verde 102,-34.6540359948902,-58.456990441528774,#2ca02c
103,espacio_verde,Espacio verde 103,-34.65312834384504,-58.45815922504866,#2ca02c
104,espacio_verde,Espacio verde 104,-34.65889328553503,-58.448901230773714,#2ca02c
105,espacio_verde,Espacio verde 105,-34.656069372477084,-58.45068014636229,#2ca02c
106,espacio_verde,Espacio verde 106,-34.65042541736298,-58.45324917012013,#2ca02c
107,espacio_verde,Parque Brig. Gral. Cornelio Saavedra,-34.5506333658283,-58.480064742128675,#2ca02c
108,espacio_verde,Espacio verde 108,-34.65725327951665,-58.44570731363897,#2ca02c
109,espacio_verde,Espacio verde 109,-34.65301247971788,-58.44165593358821,#2ca02c
110,espacio_verde,Espacio verde 110,-34.651573675556016,-58.45318507851284,#2ca02c
111,espacio_verde,Plaza de la Integración Latinoamericana,-34.65092882957132,-58.44327770116236,#2ca02c
112,espacio_verde,Espacio verde 112,-34.64746781909644,-58.42787763737277,#2ca02c
113,espacio_verde,Plaza Dr. Juan B Terán,-34.620705408486884,-58.519573542603176,#2ca02c
114,espacio_verde,Parque Florentino Ameghino,-34.63632501233866,-58.39448879370709,#2ca02c
115,espacio_verde,Espacio verde 115,-34.64605649325314,-58.42649075137681,#2ca02c
116,espacio_verde,Espacio verde 116,-34.644579857676966,-58.42502218568011,#2ca02c
117,espacio_verde,Patio Félix Liceaga,-34.630278407413456,-58.43775849978578,#2ca02c
118,espacio_verde,Espacio verde 118,-34.606349459606236,-58.438625180376974,#2ca02c
119,espacio_verde,Espacio verde 119,-34.60867687387471,-58.43529733958565,#2ca02c
120,espacio_verde,Espacio verde 120,-34.60865360732886,-58.43475866421951,#2ca02c
121,espacio_verde,Espacio verde 121,-34.60438791973145,-58.43639094898907,#2ca02c
122,espacio_verde,Espacio verde 122,-34.604346188531174,-58.43603139326263,#2ca02c
123,espacio_verde,Espacio verde 123,-34.6059807950951,-58.43294596746354,#2ca02c
124,espacio_verde,Espacio verde 124,-34.60442790781439,-58.43507744127519,#2ca02c
125,espacio_verde,Espacio verde 125,-34.607101686341686,-58.432816161570706,#2ca02c
126,espacio_verde,Delia Avilés de Elizalde,-34.624501783436024,-58.39679543369252,#2ca02c
127,espacio_verde,Matilde Vara de Anguita,-34.62445236371531,-58.39412218127023,#2ca02c
128,espacio_verde,Plaza Nuestra Señora de la Asunción,-34.615997019749756,-58.4664394963172,#2ca02c
129,espacio_verde,Elsa Rabinovich de Levenson,-34.623842181326424,-58.39434350877805,#2ca02c
130,espacio_verde,Hermanas Mirabal,-34.65583039693375,-58.41454733118839,#2ca02c
131,espacio_verde,Plazoleta Clubes del Barrio,-34.65528606784305,-58.41351942788789,#2ca02c
132,espacio_verde,Oscar Natalio “Ringo“ Bonavena,-34.653448200333955,-58.40949404625535,#2ca02c
133,espacio_verde,Plazoleta Padre Mario Luis Migone,-34.65112085638215,-58.40647551700514,#2ca02c
134,espacio_verde,Espacio verde 134,-34.58069439929483,-58.4009615036592,#2ca02c
135,espacio_verde,Plazoleta Simón Lazara,-34.614698106792,-58.41692756350353,#2ca02c
136,espacio_verde,Espacio verde 136,-34.618751106344234,-58.368841749423076,#2ca02c
137,espacio_verde,Espacio verde 137,-34.59508818853876,-58.37289768041615,#2ca02c
138,espacio_verde,Plaza J. J. Paso,-34.56984481109148,-58.45315630399937,#2ca02c
139,espacio_verde,Espacio verde 139,-34.59545200858553,-58.37245616254138,#2ca02c
140,espacio_verde,Espacio verde 140,-34.58687692801505,-58.38481978896544,#2ca02c
141,espacio_verde,Espacio verde 141,-34.58989194202625,-58.369985077027756,#2ca02c
142,espacio_verde,Espacio verde 142,-34.588943841820374,-58.370918750813544,#2ca02c
143,espacio_verde,Belisario Roldán,-34.62791539433512,-58.52874837513006,#2ca02c
144,espacio_verde,Espacio verde 144,-34.60473711907017,-58.37022044983644,#2ca02c
145,espacio_verde,Espacio verde 145,-34.60366285693781,-58.37032367484377,#2ca02c
146,espacio_verde,Espacio verde 146,-34.602400526089035,-58.37042469391462,#2ca02c
147,espacio_verde,Espacio verde 147,-34.60008480416993,-58.370735902900705,#2ca02c
148,espacio_verde,Espacio verde 148,-34.60470670146685,-58.36999921526738,#2ca02c
149,espacio_verde,Espacio verde 149,-34.60375082117915,-58.3700751791606,#2ca02c
150,espacio_verde,Espacio verde 150,-34.60253678852396,-58.37020721536837,#2ca02c
151,espacio_verde,Espacio verde 151,-34.60125572330841,-58.37035686886788,#2ca02c
152,espacio_verde,Espacio verde 152,-34.6000813835549,-58.37056191617114,#2ca02c
153,espacio_verde,Espacio verde 153,-34.59894875455218,-58.37086014251559,#2ca02c
154,espacio_verde,Cap. Domingo A. Millan,-34.56267066885509,-58.48135045825094,#2ca02c
155,espacio_verde,Plaza de la Misericordia,-34.63252677711359,-58.45573480695155,#2ca02c
156,espacio_verde,Eladia Blázquez,-34.617652803769246,-58.36119891276143,#2ca02c
157,espacio_verde,Espacio verde 157,-34.61776214531498,-58.36260635484673,#2ca02c
158,espacio_verde,Espacio verde 158,-34.61737346995736,-58.359172407358834,#2ca02c
159,espacio_verde,Espacio verde 159,-34.61754691570085,-58.359208591105,#2ca02c
160,espacio_verde,Libertad Lamarque,-34.617585455023814,-58.3603707866689,#2ca02c
161,espacio_verde,Espacio verde 161,-34.61173777704469,-58.360506685615825,#2ca02c
162,espacio_verde,Espacio verde 162,-34.611862908100555,-58.362070211650405,#2ca02c
163,espacio_verde,Espacio verde 163,-34.61191899740841,-58.36301806514086,#2ca02c
164,espacio_verde,Espacio verde 164,-34.61196210810021,-58.363514230178154,#2ca02c
165,espacio_verde,Plaza Reina de Holanda,-34.6076476820365,-58.36389975107146,#2ca02c
166,espacio_verde,Espacio verde 166,-34.633051361480156,-58.519784061049755,#2ca02c
167,espacio_verde,Espacio verde 167,-34.63311923733508,-58.51811636628926,#2ca02c
168,espacio_verde,"Ernesto ""Che"" Guevara",-34.659241842627075,-58.42732749669696,#2ca02c
169,espacio_verde,Espacio verde 169,-34.68283661484448,-58.45341951579535,#2ca02c
170,espacio_verde,Dr. Avelino Gutiérrez,-34.63081399865949,-58.44243167480586,#2ca02c
171,espacio_verde,Espacio verde 171,-34.687597122623075,-58.45863505090296,#2ca02c
172,espacio_verde,Espacio verde 172,-34.68951675659766,-58.46072956512733,#2ca02c
173,espacio_verde,Espacio verde 173,-34.66559897432977,-58.43946392125804,#2ca02c
174,espacio_verde,Plaza Aristóbulo del Valle,-34.605550058046155,-58.49286395167922,#2ca02c
175,espacio_verde,"Plaza de Las Armas ""Ejército Argentino""",-34.61023029104367,-58.368540321204584,#2ca02c
176,espacio_verde,Plaza Mons. Miguel de Andrea,-34.59746910833493,-58.40714611526676,#2ca02c
177,espacio_verde,Espacio verde 177,-34.67670194862259,-58.44832783642415,#2ca02c
178,espacio_verde,Espacio verde 178,-34.58962910640541,-58.37013921876124,#2ca02c
179,espacio_verde,Espacio verde 179,-34.59103176362398,-58.370558194079095,#2ca02c
180,espacio_verde,Plaza Jorge Di Pascuale,-34.6502651441063,-58.46782273982567,#2ca02c
181,espacio_verde,Espacio verde 181,-34.59005349928002,-58.37057480414855,#2ca02c
182,espacio_verde,Espacio verde 182,-34.685532828032116,-58.458718126742426,#2ca02c
183,espacio_verde,Espacio verde 183,-34.680145815602735,-58.466159207681194,#2ca02c
184,espacio_verde,Espacio verde 184,-34.68076233594234,-58.4651468284131,#2ca02c
185,espacio_verde,Espacio verde 185,-34.682707243841556,-58.462525671109454,#2ca02c
186,espacio_verde,Plaza Dr. Benjamín A. Gould,-34.569323154155065,-58.411557096813375,#2ca02c
187,espacio_verde,Espacio verde 187,-34.68441954124415,-58.46021960644311,#2ca02c
188,espacio_verde,Espacio verde 188,-34.63679973418428,-58.46225898239481,#2ca02c
189,espacio_verde,Espacio verde 189,-34.63730272202033,-58.463026012611714,#2ca02c
190,espacio_verde,Espacio verde 190,-34.63780727485875,-58.463787496606166,#2ca02c
191,espacio_verde,Espacio verde 191,-34.638235402648434,-58.46444662338855,#2ca02c
192,espacio_verde,Espacio verde 192,-34.64088925300315,-58.4685639181372,#2ca02c
193,espacio_verde,Espacio verde 193,-34.641167689521794,-58.46899915440252,#2ca02c
194,espacio_verde,Espacio verde 194,-34.68052821321483,-58.44974156842421,#2ca02c
195,espacio_verde,Espacio verde 195,-34.68270077771643,-58.446986397927645,#2ca02c
196,espacio_verde,Espacio verde 196,-34.67007346162408,-58.463994509040425,#2ca02c
197,espacio_verde,Espacio verde 197,-34.669328047501864,-58.46314638195883,#2ca02c
198,espacio_verde,Plaza Canadá,-34.59003081550601,-58.37188772116054,#2ca02c
199,espacio_verde,Almte. Guillermo Brown,-34.65211778677753,-58.45678140528969,#2ca02c
200,espacio_verde,Espacio verde 200,-34.67037707206177,-58.46264630878225,#2ca02c
201,espacio_verde,Espacio verde 201,-34.66412823472188,-58.470740632577254,#2ca02c
202,espacio_verde,Espacio verde 202,-34.664703364139406,-58.46999346427405,#2ca02c
203,espacio_verde,Espacio verde 203,-34.665327618523456,-58.469170272394884,#2ca02c
204,espacio_verde,Espacio verde 204,-34.65310157417888,-58.48414813790139,#2ca02c
205,espacio_verde,Espacio verde 205,-34.65341276317097,-58.48261081985593,#2ca02c
206,espacio_verde,Espacio verde 206,-34.65365743848739,-58.48139403372468,#2ca02c
207,espacio_verde,Espacio verde 207,-34.6538615572209,-58.48033525439946,#2ca02c
208,espacio_verde,Espacio verde 208,-34.673225177143834,-58.459026236446924,#2ca02c
209,espacio_verde,Mariano Saavedra,-34.67185756404665,-58.46776385747199,#2ca02c
210,espacio_verde,Plaza Marcos Sastre,-34.57120191454115,-58.48160207489087,#2ca02c
211,espacio_verde,Espacio verde 211,-34.67366373928191,-58.458435839039964,#2ca02c
212,espacio_verde,Espacio verde 212,-34.58786824804665,-58.51416152437096,#2ca02c
213,espacio_verde,Espacio verde 213,-34.589611455880494,-58.51500970017909,#2ca02c
214,espacio_verde,Espacio verde 214,-34.656777933523315,-58.446302131734036,#2ca02c
215,espacio_verde,Espacio verde 215,-34.65750239798001,-58.44718894788305,#2ca02c
216,espacio_verde,Espacio verde 216,-34.65817838754685,-58.44802496753068,#2ca02c
217,espacio_verde,Espacio verde 217,-34.655725944635634,-58.44764523612026,#2ca02c
218,espacio_verde,Diputada Emar Acosta,-34.65985535020637,-58.49535659085916,#2ca02c
219,espacio_verde,Francisco Gil,-34.65413407937324,-58.41067502277146,#2ca02c
220,espacio_verde,Guillermo Facio Hebequer,-34.65641917141908,-58.4155722764235,#2ca02c
221,espacio_verde,Norberto Tucho Méndez,-34.652326434863895,-58.40797082441778,#2ca02c
222,espacio_verde,Espacio verde 222,-34.597680597575476,-58.37135492007253,#2ca02c
223,espacio_verde,Espacio verde 223,-34.59774674660987,-58.37157450643045,#2ca02c
224,espacio_verde,Plaza Ciudad de Udine,-34.62071176642036,-58.492282799822625,#2ca02c
225,espacio_verde,Espacio verde 225,-34.597519367960174,-58.37184243684204,#2ca02c
226,espacio_verde,Espacio verde 226,-34.59813038175341,-58.37149871016142,#2ca02c
227,espacio_verde,Espacio verde 227,-34.596641927870124,-58.37214453376296,#2ca02c
228,espacio_verde,Espacio verde 228,-34.596578714500716,-58.37189306889425,#2ca02c
229,espacio_verde,Cap. Vicente A. Almonacid,-34.55502113595499,-58.49392639524793,#2ca02c
230,espacio_verde,Espacio verde 230,-34.64311396145113,-58.471971138314416,#2ca02c
231,espacio_verde,Espacio verde 231,-34.64397153153564,-58.47318562643846,#2ca02c
232,espacio_verde,Plazoleta del Kiosco de La Floresta,-34.63171310123599,-58.48060656505246,#2ca02c
233,espacio_verde,Plaza Dr. Bernardo A. Houssay,-34.59898580166588,-58.39815160046496,#2ca02c
234,espacio_verde,Plaza Miserere,-34.609709868723094,-58.40754936105876,#2ca02c
235,espacio_verde,Espacio verde 235,-34.6874024948364,-58.46525946281281,#2ca02c
236,espacio_verde,Espacio verde 236,-34.68411926526375,-58.46947389092993,#2ca02c
237,espacio_verde,Espacio verde 237,-34.55007316678842,-58.43507060772192,#2ca02c
238,espacio_verde,Espacio verde 238,-34.65018795999512,-58.45449283621252,#2ca02c
239,espacio_verde,Espacio verde 239,-34.653715508755646,-58.5194291186824,#2ca02c
240,espacio_verde,Parque La Isla de la Paternal,-34.593971438473154,-58.47461505649971,#2ca02c
241,espacio_verde,Ramona Gastiazoro de Brontes,-34.62472960047015,-58.398218478950916,#2ca02c
242,espacio_verde,Espacio verde 242,-34.5886234411058,-58.45130000286557,#2ca02c
243,espacio_verde,Plaza de los Viveros,-34.6917892628851,-58.464074456142384,#2ca02c
244,espacio_verde,Plaza Rubén Darío,-34.583209547358365,-58.394364093677055,#2ca02c
245,espacio_verde,Plazoleta Carlos Gardel,-34.63503613187171,-58.447271459531855,#2ca02c
246,espacio_verde,Espacio verde 246,-34.65773082633534,-58.422932688065174,#2ca02c
247,espacio_verde,Espacio verde 247,-34.658343485982805,-58.4222439199526,#2ca02c
248,espacio_verde,Espacio verde 248,-34.634104945863605,-58.48728087481306,#2ca02c
249,espacio_verde,Espacio verde 249,-34.64958654399598,-58.469903939614355,#2ca02c
250,espacio_verde,Juana Manso,-34.61352920476189,-58.3622859232891,#2ca02c
251,espacio_verde,Espacio verde 251,-34.652828760389106,-58.44668558968331,#2ca02c
252,espacio_verde,Espacio verde 252,-34.65468231478858,-58.44897124166134,#2ca02c
253,espacio_verde,Espacio verde 253,-34.65538864752924,-58.44984268530139,#2ca02c
254,espacio_verde,Espacio verde 254,-34.55211025457888,-58.48907294700753,#2ca02c
255,espacio_verde,Espacio verde 255,-34.552525950285954,-58.48969842624518,#2ca02c
256,espacio_verde,Espacio verde 256,-34.65566750616521,-58.47062581718732,#2ca02c
257,espacio_verde,Espacio verde 257,-34.652450032754004,-58.48879131986967,#2ca02c
258,espacio_verde,Espacio verde 258,-34.65270733753395,-58.486077089724155,#2ca02c
259,espacio_verde,Espacio verde 259,-34.602048845573755,-58.501022337766095,#2ca02c
260,espacio_verde,Espacio verde 260,-34.65208103862639,-58.44278203396095,#2ca02c
261,espacio_verde,M. Teresa Alberletche,-34.6503426592881,-58.42705794641337,#2ca02c
262,espacio_verde,Espacio verde 262,-34.65347181397388,-58.441067911081674,#2ca02c
263,espacio_verde,Plaza Hugo Ricardo Corradi,-34.63566376309502,-58.49713902541609,#2ca02c
264,espacio_verde,Espacio verde 264,-34.682755564490606,-58.48207794811533,#2ca02c
265,espacio_verde,Espacio verde 265,-34.68288044629811,-58.48138335736916,#2ca02c
266,espacio_verde,Espacio verde 266,-34.68585302314402,-58.48613639604,#2ca02c
267,espacio_verde,Espacio verde 267,-34.68613397461209,-58.485285964265984,#2ca02c
268,espacio_verde,Espacio verde 268,-34.68436823485853,-58.48801068745443,#2ca02c
269,espacio_verde,Espacio verde 269,-34.68526889944738,-58.4869888636084,#2ca02c
270,espacio_verde,Plaza Francisco Sicardi,-34.64562914545681,-58.45263997420321,#2ca02c
271,espacio_verde,Espacio verde 271,-34.68404230378862,-58.48317424082487,#2ca02c
272,espacio_verde,Espacio verde 272,-34.684328378360306,-58.482852519485164,#2ca02c
273,espacio_verde,Espacio verde 273,-34.68501967214697,-58.48376772266017,#2ca02c
274,espacio_verde,Espacio verde 274,-34.68502062849818,-58.48499779926987,#2ca02c
275,espacio_verde,Espacio verde 275,-34.686765216618305,-58.48452407859074,#2ca02c
276,espacio_verde,Espacio verde 276,-34.687470130412144,-58.48301743760423,#2ca02c
277,espacio_verde,Espacio verde 277,-34.68769101266715,-58.48372129755554,#2ca02c
278,espacio_verde,Espacio verde 278,-34.58847234962286,-58.45109033060492,#2ca02c
279,espacio_verde,Espacio verde 279,-34.67271891523436,-58.47696394817297,#2ca02c
280,espacio_verde,Espacio verde 280,-34.67355396230678,-58.47732378859209,#2ca02c
281,espacio_verde,Espacio verde 281,-34.67432003660886,-58.477643931430485,#2ca02c
282,espacio_verde,Alberto Lagos,-34.58838528693605,-58.392263049484754,#2ca02c
283,espacio_verde,Espacio verde 283,-34.6763128271142,-58.4785081554376,#2ca02c
284,espacio_verde,Espacio verde 284,-34.67739383204573,-58.47926454113648,#2ca02c
285,espacio_verde,Espacio verde 285,-34.67736899500672,-58.47938035577716,#2ca02c
286,espacio_verde,Espacio verde 286,-34.677546946041645,-58.47877673335032,#2ca02c
287,espacio_verde,Espacio verde 287,-34.67758036499895,-58.47866101491357,#2ca02c
288,espacio_verde,Espacio verde 288,-34.6793664465199,-58.479494710601536,#2ca02c
289,espacio_verde,Espacio verde 289,-34.67985179350467,-58.480553583793416,#2ca02c
290,espacio_verde,Espacio verde 290,-34.6718869299142,-58.476568527772216,#2ca02c
291,espacio_verde,Espacio verde 291,-34.66998548252974,-58.47611356363228,#2ca02c
292,espacio_verde,Espacio verde 292,-34.67034116248489,-58.47550829716223,#2ca02c
293,espacio_verde,Espacio verde 293,-34.66789781647197,-58.47529273848013,#2ca02c
294,espacio_verde,Espacio verde 294,-34.66806445399814,-58.474472512298306,#2ca02c
295,espacio_verde,Espacio verde 295,-34.66795770964608,-58.47433215206829,#2ca02c
296,espacio_verde,Espacio verde 296,-34.66767340826226,-58.47535551666232,#2ca02c
297,espacio_verde,Plazoleta Los Amigos,-34.63848933458612,-58.494611690838255,#2ca02c
298,espacio_verde,Plaza Martín Fierro,-34.62607393824791,-58.4078197554663,#2ca02c
299,espacio_verde,Espacio verde 299,-34.66616130056498,-58.47402987960403,#2ca02c
300,espacio_verde,Espacio verde 300,-34.66528991711842,-58.473985704696965,#2ca02c
301,espacio_verde,Espacio verde 301,-34.66566930586896,-58.47342421501394,#2ca02c
302,espacio_verde,Espacio verde 302,-34.66210918725677,-58.47248326742651,#2ca02c
303,espacio_verde,Espacio verde 303,-34.66243564513742,-58.47212668195292,#2ca02c
304,espacio_verde,Espacio verde 304,-34.6628505959768,-58.47210295231141,#2ca02c
305,espacio_verde,Espacio verde 305,-34.66034070672696,-58.47183133667158,#2ca02c
306,espacio_verde,Espacio verde 306,-34.66075891316939,-58.47121756549304,#2ca02c
307,espacio_verde,Espacio verde 307,-34.66828287293324,-58.47543220002694,#2ca02c
308,espacio_verde,Espacio verde 308,-34.668333056272,-58.47526777347032,#2ca02c
309,espacio_verde,Espacio verde 309,-34.66845131239683,-58.47476122245364,#2ca02c
310,espacio_verde,Espacio verde 310,-34.658462716116865,-58.47102370667814,#2ca02c
311,espacio_verde,Espacio verde 311,-34.65850096232956,-58.47088949237169,#2ca02c
312,espacio_verde,Espacio verde 312,-34.658692646503,-58.47027571187883,#2ca02c
313,espacio_verde,Espacio verde 313,-34.65865304603168,-58.47040028009693,#2ca02c
314,espacio_verde,Espacio verde 314,-34.654995159829895,-58.46935524443406,#2ca02c
315,espacio_verde,Espacio verde 315,-34.65532517782387,-58.468807665248775,#2ca02c
316,espacio_verde,Plaza Club Alemán de Equitación - Pque. Olímpico (No oficial),-34.56264836368368,-58.42068259343981,#2ca02c
317,espacio_verde,Plazoleta Paseo de la Vecindad,-34.579637074586365,-58.467077510833505,#2ca02c
318,espacio_verde,Espacio verde 318,-34.64382249074916,-58.462802284987845,#2ca02c
319,espacio_verde,Jardin de los Maestros,-34.597848328731146,-58.39152685335841,#2ca02c
320,espacio_verde,Guillermo Barbieri,-34.56383587482739,-58.41830260137311,#2ca02c
321,espacio_verde,Plaza de los Olmos,-34.56766740341869,-58.462091374219476,#2ca02c
322,espacio_verde,Plazoleta Skanderberg (Jorge Castriota) - De los Milagros,-34.668104968168684,-58.48156835129032,#2ca02c
323,espacio_verde,Plaza Libres del Sud,-34.580376056548424,-58.39395202799215,#2ca02c
324,espacio_verde,Francisco Pracánico,-34.615301438176985,-58.3691783508014,#2ca02c
325,espacio_verde,Espacio verde 325,-34.62314066755001,-58.380685500395536,#2ca02c
326,espacio_verde,Plaza V. López y Planes,-34.59381746551711,-58.38929637343857,#2ca02c
327,espacio_verde,Plaza Int. Torcuato de Alvear,-34.58584509632694,-58.39140426010758,#2ca02c
328,espacio_verde,Dr. I. Ruiz Moreno,-34.58993457133714,-58.382432196052264,#2ca02c
329,espacio_verde,Pcia. de Neuquén,-34.607847296519985,-58.38144456322671,#2ca02c
330,espacio_verde,Pcia. de Rio Negro,-34.60668463096893,-58.38135630646704,#2ca02c
331,espacio_verde,Pcia. de Salta,-34.605654227931424,-58.38150869904635,#2ca02c
332,espacio_verde,Rodolfo Ortega Peña,-34.59354387637914,-58.38200711079416,#2ca02c
333,espacio_verde,Paquita Bernardo,-34.60467410170977,-58.3810993354485,#2ca02c
334,espacio_verde,Pierre De Coubertin,-34.59218671745841,-58.38257890009139,#2ca02c
335,espacio_verde,Plazoleta Soldi,-34.59028276149778,-58.382497815332215,#2ca02c
336,espacio_verde,Espacio verde 336,-34.55432955020465,-58.48906163464334,#2ca02c
337,espacio_verde,Espacio verde 337,-34.55320253876112,-58.48984914533462,#2ca02c
338,espacio_verde,Espacio verde 338,-34.54982766645284,-58.4922081294012,#2ca02c
339,espacio_verde,Espacio verde 339,-34.55799088674335,-58.486503536911506,#2ca02c
340,espacio_verde,Espacio verde 340,-34.55704221687747,-58.48715999723279,#2ca02c
341,espacio_verde,Plaza Anna Eleanor Roosevelt,-34.55615922052209,-58.48738459240147,#2ca02c
342,espacio_verde,Cantero Central Anna Eleanor Roosevelt,-34.55624856193891,-58.48770597414501,#2ca02c
343,espacio_verde,Espacio verde 343,-34.57028103589665,-58.39888799436028,#2ca02c
344,espacio_verde,Plaza Beatriz Guido,-34.62242708817187,-58.36888813416156,#2ca02c
345,espacio_verde,Plaza Madres del Pañuelo Blanco,-34.555381563746764,-58.48784108209368,#2ca02c
346,espacio_verde,Espacio verde 346,-34.55541710419313,-58.48818729545193,#2ca02c
347,espacio_verde,Espacio verde 347,-34.55382483014558,-58.48921984657221,#2ca02c
348,espacio_verde,Plazoleta Daniel Hernán García,-34.55374061371096,-58.48892374459242,#2ca02c
349,espacio_verde,Plazoleta República Argelina Democrática y Popular,-34.551536398674735,-58.490566952008244,#2ca02c
350,espacio_verde,Espacio verde 350,-34.54977879474666,-58.491634647703584,#2ca02c
351,espacio_verde,Cantero Central República Socialista de Vietnam,-34.564644021842994,-58.48171211824647,#2ca02c
352,espacio_verde,Plazoleta Eslovaquia,-34.56357206699551,-58.48214648457419,#2ca02c
353,espacio_verde,Plazoleta Salvador Allende,-34.56258564213709,-58.48284395397362,#2ca02c
354,espacio_verde,Espacio verde 354,-34.56271921247024,-58.48317519075633,#2ca02c
355,espacio_verde,Plaza Fuerza Aérea Argentina,-34.592238406466315,-58.373741681701034,#2ca02c
356,espacio_verde,Plaza La Vuelta de Obligado,-34.62891778870822,-58.394477966427395,#2ca02c
357,espacio_verde,Villa Santa Rita,-34.62039789784229,-58.47938751506741,#2ca02c
358,espacio_verde,Leonardo Pereyra,-34.65021900354701,-58.38823101690916,#2ca02c
359,espacio_verde,Plaza República del Paraguay,-34.58909369798939,-58.39840016894668,#2ca02c
360,espacio_verde,Plazoleta De Todos,-34.56161002772841,-58.483591592530196,#2ca02c
361,espacio_verde,Plazoleta Doña Petrona C. de Gandulfo,-34.56045924093861,-58.4844816490318,#2ca02c
362,espacio_verde,Plazoleta República Checa,-34.55214348601409,-58.4900503794141,#2ca02c
363,espacio_verde,Plazoleta Ricardo Carpani,-34.55293097974594,-58.489582201871286,#2ca02c
364,espacio_verde,Plazoleta Mencía Calderón,-34.55689276550086,-58.48685871067709,#2ca02c
365,espacio_verde,Cantero Central Doña Petrona C. de Gandulfo,-34.56058197184412,-58.484759993568616,#2ca02c
366,espacio_verde,Cantero Central Rabino Marshall Meyer,-34.55922390011654,-58.48568430549262,#2ca02c
367,espacio_verde,Plazoleta Rabino Marshall Meyer,-34.55908512951842,-58.485389736956755,#2ca02c
368,espacio_verde,Hidroavión Buenos Aires,-34.5571205007546,-58.41039013666047,#2ca02c
369,espacio_verde,Cantero Central Eslovaquia,-34.563715437658274,-58.482421869814125,#2ca02c
370,espacio_verde,Cantero Central Hungría,-34.55078843037365,-58.491499606261584,#2ca02c
371,espacio_verde,Espacio verde 371,-34.55187538577878,-58.490588493876594,#2ca02c
372,espacio_verde,Espacio verde 372,-34.542654607412885,-58.45010865888953,#2ca02c
373,espacio_verde,Espacio verde 373,-34.541854874114925,-58.44896571232319,#2ca02c
374,espacio_verde,Espacio verde 374,-34.591679088429004,-58.476074281878915,#2ca02c
375,espacio_verde,Plazoleta Nuestra Señora de la Patria,-34.596704968692116,-58.4654612173597,#2ca02c
376,espacio_verde,Espacio verde 376,-34.589178421477754,-58.45363278863785,#2ca02c
377,espacio_verde,Plazoleta 28 de Junio de 1645,-34.587189566537894,-58.45598144229594,#2ca02c
378,espacio_verde,Espacio verde 378,-34.588977221067424,-58.43853678606621,#2ca02c
379,espacio_verde,Espacio verde 379,-34.5516678330635,-58.499893256551694,#2ca02c
380,espacio_verde,Espacio verde 380,-34.56461493566265,-58.49903505248081,#2ca02c
381,espacio_verde,Espacio verde 381,-34.550067694431476,-58.49890682816085,#2ca02c
382,espacio_verde,Espacio verde 382,-34.5504067765015,-58.4991907810708,#2ca02c
383,espacio_verde,Espacio verde 383,-34.59759028653977,-58.52080891024916,#2ca02c
384,espacio_verde,Espacio verde 384,-34.59755581530954,-58.52150923694343,#2ca02c
385,espacio_verde,Espacio verde 385,-34.634534415093526,-58.490248720624265,#2ca02c
386,espacio_verde,Espacio verde 386,-34.63473967069953,-58.49015738455921,#2ca02c
387,espacio_verde,Espacio verde 387,-34.66381744739092,-58.448213125312826,#2ca02c
388,espacio_verde,Espacio verde 388,-34.66536888316315,-58.450806383909224,#2ca02c
389,espacio_verde,Plaza de los Niños - Dr. Carlos Gianatonio,-34.58077825008767,-58.501896897460114,#2ca02c
390,espacio_verde,Plaza República de Chile,-34.581390807745855,-58.399972728689775,#2ca02c
391,espacio_verde,Espacio verde 391,-34.655902712377646,-58.471436669535045,#2ca02c
392,espacio_verde,Plaza de Isidora,-34.64191558011751,-58.51347111593057,#2ca02c
393,espacio_verde,Dr. César M. Polledo,-34.61733783998997,-58.369599649908004,#2ca02c
394,espacio_verde,Espacio verde 394,-34.68299700994996,-58.46571848795859,#2ca02c
395,espacio_verde,Espacio verde 395,-34.68480977525643,-58.46388206960738,#2ca02c
396,espacio_verde,Espacio verde 396,-34.686685310010894,-58.462668322215244,#2ca02c
397,espacio_verde,Espacio verde 397,-34.68789332848362,-58.46124140379436,#2ca02c
398,espacio_verde,Espacio verde 398,-34.68745490453989,-58.46210303702388,#2ca02c
399,espacio_verde,Espacio verde 399,-34.685108033954926,-58.46376713169725,#2ca02c
400,espacio_verde,Espacio verde 400,-34.68525013904604,-58.46350811261754,#2ca02c
401,espacio_verde,Espacio verde 401,-34.68517187694333,-58.463598501826695,#2ca02c
402,espacio_verde,Espacio verde 402,-34.666833549540094,-58.438915450682124,#2ca02c
403,espacio_verde,Espacio verde 403,-34.65056610552994,-58.43138093748145,#2ca02c
404,espacio_verde,Espacio verde 404,-34.65015839614078,-58.43094620126304,#2ca02c
405,espacio_verde,Espacio verde 405,-34.57981815326404,-58.397386326682394,#2ca02c
406,espacio_verde,Espacio verde 406,-34.58211242718326,-58.3926803669756,#2ca02c
407,espacio_verde,Espacio verde 407,-34.58693595539122,-58.37121979332414,#2ca02c
408,espacio_verde,Espacio verde 408,-34.58664622154582,-58.37098248744422,#2ca02c
409,espacio_verde,Espacio verde 409,-34.58717090345571,-58.37140252370449,#2ca02c
410,espacio_verde,Espacio verde 410,-34.58629044884518,-58.3706884092472,#2ca02c
411,espacio_verde,Espacio verde 411,-34.58594793489205,-58.370392132278326,#2ca02c
412,espacio_verde,Espacio verde 412,-34.58541331967088,-58.36996516734588,#2ca02c
413,espacio_verde,Espacio verde 413,-34.58334872711437,-58.373906036538635,#2ca02c
414,espacio_verde,Espacio verde 414,-34.581784222718184,-58.374208777301206,#2ca02c
415,espacio_verde,Espacio verde 415,-34.581336431852435,-58.374395536795014,#2ca02c
416,espacio_verde,Espacio verde 416,-34.58099606753241,-58.37481378362207,#2ca02c
417,espacio_verde,Espacio verde 417,-34.58087190598304,-58.37502336737445,#2ca02c
418,espacio_verde,Plazoleta Av Gendarmería - Barrio 31,-34.58380522737461,-58.373980275744906,#2ca02c
419,espacio_verde,Espacio verde 419,-34.59010702634079,-58.36980361947933,#2ca02c
420,espacio_verde,Espacio verde 420,-34.59038729415277,-58.37021783703471,#2ca02c
421,espacio_verde,Espacio verde 421,-34.592950026327124,-58.36982221486212,#2ca02c
422,espacio_verde,Espacio verde 422,-34.60562338844776,-58.36659619278553,#2ca02c
423,espacio_verde,Espacio verde 423,-34.60460873983211,-58.366713546858925,#2ca02c
424,espacio_verde,Espacio verde 424,-34.597737527797875,-58.36355446267335,#2ca02c
425,espacio_verde,"Paseo de los Vecinos destacados de Villa Lugano Comuna 8 - José ""Pepe"" Libertella",-34.67936404916908,-58.47769523782372,#2ca02c
426,espacio_verde,Espacio verde 426,-34.64949869500905,-58.46942476917398,#2ca02c
427,espacio_verde,Espacio verde 427,-34.683957405038385,-58.46476896204879,#2ca02c
428,espacio_verde,Espacio verde 428,-34.68425854473861,-58.464482632050064,#2ca02c
429,espacio_verde,Espacio verde 429,-34.68186376991209,-58.46703855120702,#2ca02c
430,espacio_verde,Espacio verde 430,-34.68764922476287,-58.46168765038156,#2ca02c
431,espacio_verde,Espacio verde 431,-34.6888388404657,-58.460590417565484,#2ca02c
432,espacio_verde,Plaza Barrancas de Belgrano,-34.55996539040771,-58.44921406203828,#2ca02c
433,espacio_verde,Espacio verde 433,-34.57741576504855,-58.42868869829388,#2ca02c
434,espacio_verde,Espacio verde 434,-34.59752794552374,-58.52108611820356,#2ca02c
435,espacio_verde,Bomberos Volunt. de La Boca,-34.63879759133437,-58.36363619310045,#2ca02c
436,espacio_verde,Espacio verde 436,-34.64956621225589,-58.37287560769416,#2ca02c
437,espacio_verde,Espacio verde 437,-34.64993002127422,-58.37421597713475,#2ca02c
438,espacio_verde,"Francisco ""Paco"" Urondo",-34.601784041059716,-58.36226518488814,#2ca02c
439,espacio_verde,Plaza Jamaica,-34.588921175572665,-58.4829446367658,#2ca02c
440,espacio_verde,Espacio verde 440,-34.58687692801505,-58.38481978896544,#2ca02c
441,espacio_verde,Plazoleta Raymundo Gleyzer,-34.60154241522121,-58.465601239744736,#2ca02c
442,espacio_verde,Espacio verde 442,-34.64998674310431,-58.43066387625782,#2ca02c
443,espacio_verde,Saara Vaamonde,-34.6221390152105,-58.425917056965226,#2ca02c
444,espacio_verde,Plaza de las Américas,-34.605198225921704,-58.38813715462244,#2ca02c
445,espacio_verde,Espacio verde 445,-34.64426724363245,-58.445553960484666,#2ca02c
446,espacio_verde,Pzta Gral. Francisco Ramírez,-34.55362807140534,-58.468520963815415,#2ca02c
447,espacio_verde,Plaza Don Bosco,-34.62592981477168,-58.50823038158205,#2ca02c
448,espacio_verde,Plaza Nicaragua,-34.645289227884476,-58.408893286553244,#2ca02c
449,espacio_verde,Plaza Monserrat,-34.61589869324597,-58.38549784069359,#2ca02c
450,espacio_verde,Agustín Magaldi,-34.652069113874866,-58.393284778568926,#2ca02c
451,espacio_verde,Ciudad de Salamanca,-34.62289757281686,-58.353904263741974,#2ca02c
452,espacio_verde,Plaza Güemes,-34.58944030898056,-58.416342402567736,#2ca02c
453,espacio_verde,Chabuca Granda,-34.587274427452904,-58.39126453894766,#2ca02c
454,espacio_verde,Agustín Bardi,-34.55336123610886,-58.43495108923409,#2ca02c
455,espacio_verde,Plaza Venezuela,-34.580230009366815,-58.39543576369941,#2ca02c
456,espacio_verde,Tte. Gral. Eduardo Racedo,-34.57990901493824,-58.400386680951165,#2ca02c
457,espacio_verde,Plaza Joaquín Sánchez,-34.56188084911461,-58.45579828991276,#2ca02c
458,espacio_verde,Gral. Riego y R. Nuñez,-34.567214484287426,-58.44678384439267,#2ca02c
459,espacio_verde,Plaza de las Escuelas,-34.68259848089387,-58.46319253161049,#2ca02c
460,espacio_verde,Plaza Ildefonso F. C. Martínez,-34.548996921674,-58.471534484812565,#2ca02c
461,espacio_verde,Brig. Gral. Manuel Oribe,-34.550696270146396,-58.42959294966104,#2ca02c
462,espacio_verde,Brig. Gral. Enrique Martínez,-34.57542703148938,-58.40804357062757,#2ca02c
463,espacio_verde,Darwin Passaponti,-34.548795081872214,-58.47048798406776,#2ca02c
464,espacio_verde,Gral. José A. Paez,-34.57345988340806,-58.41649154904003,#2ca02c
465,espacio_verde,Plaza Dante,-34.58466413498998,-58.3905817026328,#2ca02c
466,espacio_verde,Plaza El Maestro,-34.61199352733483,-58.52152668914004,#2ca02c
467,espacio_verde,Plaza Presidente Juan Domingo Perón,-34.611673630669415,-58.36866237131057,#2ca02c
468,espacio_verde,Plaza Virrey Vértiz,-34.63735755240307,-58.377242779879666,#2ca02c
469,espacio_verde,Plaza De La Republica,-34.60375706493758,-58.38160766403006,#2ca02c
470,espacio_verde,Ciro El Grande,-34.590407812179734,-58.381898221484605,#2ca02c
471,espacio_verde,Union Europea,-34.59251793766025,-58.38237017491409,#2ca02c
472,espacio_verde,Plaza de Cataluña,-34.59112728658788,-58.382474960318326,#2ca02c
473,espacio_verde,Pcia. de Misiones,-34.60864143119345,-58.381376495821044,#2ca02c
474,espacio_verde,Gral. Paz,-34.62447246514085,-58.50380395748167,#2ca02c
475,espacio_verde,Plazoleta Gustavo Cuchi Leguizamón,-34.55805666926655,-58.486041755818974,#2ca02c
476,espacio_verde,Plazoleta Lino Enea Spilimbergo,-34.54900464190727,-58.49202055339089,#2ca02c
477,espacio_verde,Plazoleta Hungría,-34.5505514829964,-58.49100422803957,#2ca02c
478,espacio_verde,Espacio verde 478,-34.55527877217786,-58.48841968247061,#2ca02c
479,espacio_verde,Espacio verde 479,-34.55444699849531,-58.48842924517563,#2ca02c
480,espacio_verde,Espacio verde 480,-34.551943253167735,-58.49071646109134,#2ca02c
481,espacio_verde,Espacio verde 481,-34.56173977805548,-58.483922752503815,#2ca02c
482,espacio_verde,Parque Presidente Sarmiento,-34.55822249985354,-58.499623921247924,#2ca02c
483,espacio_verde,Plaza Democracia,-34.69047326705653,-58.46369784838895,#2ca02c
484,espacio_verde,Ciudad del Rock,-34.67094250316709,-58.45017605318406,#2ca02c
485,espacio_verde,Espacio verde 485,-34.68480138312285,-58.463721509221266,#2ca02c
486,espacio_verde,Espacio verde 486,-34.584468353782825,-58.36918392223011,#2ca02c
487,espacio_verde,Espacio verde 487,-34.649865971747204,-58.4698052915796,#2ca02c
488,espacio_verde,Espacio verde 488,-34.649353316110194,-58.37279203550607,#2ca02c
489,espacio_verde,Espacio verde 489,-34.58266137779112,-58.37419713768345,#2ca02c
490,espacio_verde,Espacio verde 490,-34.67756666081427,-58.46412378246117,#2ca02c
491,espacio_verde,Espacio verde 491,-34.5446750693265,-58.44474509051243,#2ca02c
492,espacio_verde,Plaza José Martí,-34.649733175353674,-58.46355101788675,#2ca02c
493,espacio_verde,Plazoleta Patio Yerbal,-34.63635018447756,-58.495650699490334,#2ca02c
494,espacio_verde,Espacio verde 494,-34.56254352581128,-58.466123057138276,#2ca02c
495,espacio_verde,Plaza Esther Ballestrino de Careaga,-34.62535348601162,-58.40037285054513,#2ca02c
496,espacio_verde,Plaza Libertad,-34.59745073175001,-58.38345351161678,#2ca02c
497,espacio_verde,Ángela M. Aieta de Gullo,-34.62345249454816,-58.39240707436135,#2ca02c
498,espacio_verde,Plaza Paseo del Riachuelo,-34.65782193135215,-58.41224943166731,#2ca02c
499,espacio_verde,Plaza Lola Mora,-34.62281885582812,-58.388260918109616,#2ca02c
500,espacio_verde,Santa María de los Buenos Aires,-34.56779096079257,-58.457380737946934,#2ca02c
501,espacio_verde,Plaza Jardín de Esculturas,-34.550010563267094,-58.44539017326322,#2ca02c
502,espacio_verde,Plazoleta Falucho,-34.57712901312165,-58.42884823882523,#2ca02c
503,espacio_verde,Espacio verde 503,-34.550258378454956,-58.48549186635192,#2ca02c
504,espacio_verde,Espacio verde 504,-34.54092492905597,-58.47850706357634,#2ca02c
505,espacio_verde,Espacio verde 505,-34.555580258141,-58.49573365441837,#2ca02c
506,espacio_verde,Matías Pipet,-34.55542847647717,-58.49509067933673,#2ca02c
507,espacio_verde,Espacio verde 507,-34.55533079171278,-58.493367870744834,#2ca02c
508,espacio_verde,Espacio verde 508,-34.554891756140506,-58.49415238787108,#2ca02c
509,espacio_verde,José María Rosa,-34.55074538351603,-58.48643117290721,#2ca02c
510,espacio_verde,Espacio verde 510,-34.654474866255185,-58.47813840931709,#2ca02c
511,espacio_verde,Plazoleta Hnas. A. Domon y L. Duquet,-34.63982431774129,-58.489861906596225,#2ca02c
512,espacio_verde,Espacio verde 512,-34.648793178164034,-58.47444842019005,#2ca02c
513,espacio_verde,Martín Boneo y Villalonga (denominación propuesta),-34.642285044070576,-58.47073736857462,#2ca02c
514,espacio_verde,Espacio verde 514,-34.64165233979976,-58.469755950309356,#2ca02c
515,espacio_verde,Espacio verde 515,-34.654204032622985,-58.47868125365812,#2ca02c
516,espacio_verde,Espacio verde 516,-34.63754183440529,-58.45424923651742,#2ca02c
517,espacio_verde,Espacio verde 517,-34.6372251711363,-58.45353368499274,#2ca02c
518,espacio_verde,Espacio verde 518,-34.634731550530596,-58.52754391734719,#2ca02c
519,espacio_verde,José María Gatica,-34.63323659481033,-58.503887431204696,#2ca02c
520,espacio_verde,Paseo del Ballet Argentino (e/ Ladines y Av Gral Paz),-34.5920273860684,-58.51888766776827,#2ca02c
521,espacio_verde,"Regimiento 10º de Caballería ""Husares de Pueyrredón""",-34.60221254952555,-58.51254021814139,#2ca02c
522,espacio_verde,Espacio verde 522,-34.63640960240803,-58.4968468548529,#2ca02c
523,espacio_verde,Espacio verde 523,-34.63630142975701,-58.496870170820436,#2ca02c
524,espacio_verde,Espacio verde 524,-34.64978151376482,-58.46941459578972,#2ca02c
525,espacio_verde,Espacio verde 525,-34.67419027850516,-58.46019633642177,#2ca02c
526,espacio_verde,Espacio verde 526,-34.667377635292084,-58.44704480272405,#2ca02c
527,espacio_verde,Espacio verde 527,-34.66948415043221,-58.44441903507586,#2ca02c
528,espacio_verde,Plazoleta Fray Pedro A. Cueli,-34.67222966423793,-58.471933509049514,#2ca02c
529,espacio_verde,Espacio verde 529,-34.657999201769286,-58.46872283645893,#2ca02c
530,espacio_verde,Espacio verde 530,-34.658265420602305,-58.4686690751357,#2ca02c
531,espacio_verde,Espacio verde 531,-34.653587235872685,-58.488272096010945,#2ca02c
532,espacio_verde,Espacio verde 532,-34.64504013423633,-58.494864133289695,#2ca02c
533,espacio_verde,Espacio verde 533,-34.656667072870064,-58.49419614351226,#2ca02c
534,espacio_verde,Espacio verde 534,-34.63931649401753,-58.4932180531603,#2ca02c
535,espacio_verde,Plaza Glorias del Automovilismo Argentino,-34.6974138474669,-58.4698219020028,#2ca02c
536,espacio_verde,Espacio verde 536,-34.68401694917402,-58.47140062016941,#2ca02c
537,espacio_verde,Espacio verde 537,-34.6931918581826,-58.46478658822044,#2ca02c
538,espacio_verde,Espacio verde 538,-34.692953018369124,-58.46444945635724,#2ca02c
539,espacio_verde,Paseo de los Vecinos destacados de Villa Lugano Comuna 8 - David Goldenberg,-34.68111052494075,-58.47970195101545,#2ca02c
540,espacio_verde,Paseo de los Vecinos destacados de Villa Lugano Comuna 8 - Sabina Olmos,-34.680420195441286,-58.478908800812874,#2ca02c
541,espacio_verde,Paseo de los Vecinos destacados de Villa Lugano Comuna 8,-34.67986610965376,-58.478254266175966,#2ca02c
542,espacio_verde,Espacio verde 542,-34.65852056950977,-58.496412491889245,#2ca02c
543,espacio_verde,Espacio verde 543,-34.657935338798445,-58.495712172528215,#2ca02c
544,espacio_verde,Espacio verde 544,-34.657228796384366,-58.520036841115704,#2ca02c
545,espacio_verde,Plazoleta De la Madre,-34.65881783887546,-58.51230489094989,#2ca02c
546,espacio_verde,Espacio verde 546,-34.662231032335,-58.44134392349464,#2ca02c
547,espacio_verde,Espacio verde 547,-34.65389730901851,-58.43558086456235,#2ca02c
548,espacio_verde,Espacio verde 548,-34.65330399291908,-58.43482506933153,#2ca02c
549,espacio_verde,Espacio verde 549,-34.65274238310636,-58.43411461506323,#2ca02c
550,espacio_verde,Espacio verde 550,-34.65226360176223,-58.433533577879736,#2ca02c
551,espacio_verde,Espacio verde 551,-34.64935616705098,-58.42999177580606,#2ca02c
552,espacio_verde,Espacio verde 552,-34.64837061337536,-58.42889562327196,#2ca02c
553,espacio_verde,Plazoleta Rincón Verde Kasú Mapún,-34.64302736893451,-58.46086274497185,#2ca02c
554,espacio_verde,Espacio verde 554,-34.64455390312969,-58.46147170374815,#2ca02c
555,espacio_verde,Espacio verde 555,-34.65502547119414,-58.439077337962644,#2ca02c
556,espacio_verde,Espacio verde 556,-34.64487206283927,-58.440269537451336,#2ca02c
557,espacio_verde,Espacio verde 557,-34.64396385894004,-58.42422284213626,#2ca02c
558,espacio_verde,Espacio verde 558,-34.64439810384546,-58.424782900449635,#2ca02c
559,espacio_verde,Espacio verde 559,-34.60868766419954,-58.435960212883565,#2ca02c
560,espacio_verde,Espacio verde 560,-34.60447896971722,-58.434898023454686,#2ca02c
561,espacio_verde,Cnel. Pringles,-34.63778130463974,-58.405294607791774,#2ca02c
562,espacio_verde,Eduardo Rovira,-34.654624398295354,-58.41204916778881,#2ca02c
563,espacio_verde,Espacio verde 563,-34.64273757956082,-58.37961027550581,#2ca02c
564,espacio_verde,Petronila Rodríguez,-34.59886831935919,-58.39130834817612,#2ca02c
565,espacio_verde,Espacio verde 565,-34.62168762126369,-58.36639253750622,#2ca02c
566,espacio_verde,Espacio verde 566,-34.618801891298084,-58.36902698381356,#2ca02c
567,espacio_verde,Espacio verde 567,-34.60130107119478,-58.370517507017695,#2ca02c
568,espacio_verde,Espacio verde 568,-34.598916351362746,-58.371042906076646,#2ca02c
569,espacio_verde,Espacio verde 569,-34.602625524776066,-58.36444336660744,#2ca02c
570,espacio_verde,Espacio Membrillar,-34.638037083420265,-58.45602371380696,#2ca02c
571,espacio_verde,Espacio verde 571,-34.551547579427414,-58.48811625190202,#2ca02c
572,espacio_verde,Espacio verde 572,-34.656748026195636,-58.466852668671734,#2ca02c
573,espacio_verde,Espacio verde 573,-34.65478058718503,-58.46449072676991,#2ca02c
574,espacio_verde,Dante A. Linyera,-34.59752397618665,-58.489132702639914,#2ca02c
575,espacio_verde,Espacio verde 575,-34.65506598164578,-58.41734088997315,#2ca02c
576,espacio_verde,Espacio verde 576,-34.549998194343196,-58.48490307706487,#2ca02c
577,espacio_verde,Espacio verde 577,-34.68170080491341,-58.4685771278298,#2ca02c
578,espacio_verde,Espacio verde 578,-34.63958776345679,-58.46653594450006,#2ca02c
579,espacio_verde,Espacio verde 579,-34.64037583474689,-58.46776133625874,#2ca02c
580,espacio_verde,Espacio verde 580,-34.66379517785574,-58.4708639766669,#2ca02c
581,espacio_verde,Paseo del Ballet Argentino (e/ Griveo y Ladines),-34.59280310724072,-58.51818612651135,#2ca02c
582,espacio_verde,Espacio verde 582,-34.652165022680414,-58.486598555632824,#2ca02c
583,espacio_verde,Espacio verde 583,-34.65295579224302,-58.487528212046634,#2ca02c
584,espacio_verde,Espacio verde 584,-34.6542597625478,-58.48906440874772,#2ca02c
585,espacio_verde,Espacio verde 585,-34.65493069504854,-58.48985434401225,#2ca02c
586,espacio_verde,Espacio verde 586,-34.65559526567252,-58.49063539765263,#2ca02c
587,espacio_verde,Espacio verde 587,-34.656262896051686,-58.4914203491092,#2ca02c
588,espacio_verde,Espacio verde 588,-34.65692529510575,-58.492197865867574,#2ca02c
589,espacio_verde,Espacio verde 589,-34.65760603599878,-58.49299937683355,#2ca02c
590,espacio_verde,Espacio verde 590,-34.658315046949575,-58.493830388298655,#2ca02c
591,espacio_verde,Plaza del Lector,-34.585288151735945,-58.39882551427024,#2ca02c
592,espacio_verde,Dr. Carlos Pellegrini,-34.59131897313095,-58.38395521931933,#2ca02c
593,espacio_verde,Espacio verde 593,-34.656588745988074,-58.46850263584085,#2ca02c
594,espacio_verde,Espacio verde 594,-34.657143774978096,-58.46779077904115,#2ca02c
595,espacio_verde,Julio J. Nelson,-34.57449737594164,-58.459644426630675,#2ca02c
596,espacio_verde,Espacio verde 596,-34.55575797787365,-58.496145818670776,#2ca02c
597,espacio_verde,Espacio verde 597,-34.63657982287861,-58.52207342611798,#2ca02c
598,espacio_verde,Plazoleta Dr. Salvador Mazza,-34.61422555080754,-58.51655813822223,#2ca02c
599,espacio_verde,Plaza Villa Real,-34.620407233720485,-58.5277747498679,#2ca02c
600,espacio_verde,Espacio verde 600,-34.65053257499651,-58.45394577242886,#2ca02c
601,espacio_verde,Espacio verde 601,-34.64353154677516,-58.49683872268345,#2ca02c
602,espacio_verde,Espacio verde 602,-34.53730775571405,-58.45897587264561,#2ca02c
603,espacio_verde,Espacio verde 603,-34.644593204740744,-58.499408632525956,#2ca02c
604,espacio_verde,Espacio verde 604,-34.625781292568625,-58.4684649002814,#2ca02c
605,espacio_verde,Plaza Cnel. Dorrego,-34.62048256367351,-58.37175803369754,#2ca02c
606,espacio_verde,Azucena Maizani,-34.59365788020639,-58.3761402475235,#2ca02c
607,espacio_verde,Plazoleta San Francisco / Héroes de Malvinas,-34.610049462710265,-58.3718234175918,#2ca02c
608,espacio_verde,Espacio verde 608,-34.646777767867604,-58.42720946397917,#2ca02c
609,espacio_verde,Espacio verde 609,-34.65088409806032,-58.43181700988121,#2ca02c
610,espacio_verde,Espacio verde 610,-34.68269164532995,-58.46977750823187,#2ca02c
611,espacio_verde,Espacio verde 611,-34.659658701800836,-58.420773081063,#2ca02c
612,espacio_verde,Espacio verde 612,-34.63348853956393,-58.484671818550304,#2ca02c
613,espacio_verde,Cnel. Jordán C. Wysocki,-34.5632764427966,-58.424029697837,#2ca02c
614,espacio_verde,Antonio A. Zinny,-34.595048645509216,-58.42315600167217,#2ca02c
615,espacio_verde,Espacio verde 615,-34.550249460766665,-58.46131672955608,#2ca02c
616,espacio_verde,Plazoleta Luna de Enfrente,-34.58670682841576,-58.42484456880431,#2ca02c
617,espacio_verde,Plazoleta de San Telmo,-34.624262326128395,-58.37388715864177,#2ca02c
618,espacio_verde,Plaza Quinquela Martín,-34.638717976820786,-58.37314996349667,#2ca02c
619,espacio_verde,Espacio verde 619,-34.580286372240494,-58.499441455877864,#2ca02c
620,espacio_verde,Espacio verde 620,-34.64406020548552,-58.46102304792447,#2ca02c
621,espacio_verde,Espacio verde 621,-34.6493848748989,-58.469708954164666,#2ca02c
622,espacio_verde,Plaza Paseo de la Paz,-34.56933416390516,-58.47701514489438,#2ca02c
623,espacio_verde,Espacio verde 623,-34.64638512684987,-58.48446616913609,#2ca02c
624,espacio_verde,Espacio verde 624,-34.640591593839666,-58.37499908168605,#2ca02c
625,espacio_verde,Espacio verde 625,-34.64773693505431,-58.47208225021323,#2ca02c
626,espacio_verde,Espacio verde 626,-34.64828143190606,-58.47281161814627,#2ca02c
627,espacio_verde,Espacio verde 627,-34.64856384308929,-58.47300914432098,#2ca02c
628,espacio_verde,Espacio verde 628,-34.602111913812394,-58.52406392515322,#2ca02c
629,espacio_verde,Espacio verde 629,-34.642660343404486,-58.46236309717025,#2ca02c
630,espacio_verde,Espacio verde 630,-34.64443765523819,-58.461635098625905,#2ca02c
631,espacio_verde,Plazoleta del Buen Vecino,-34.6361707732697,-58.45064294514408,#2ca02c
632,espacio_verde,Espacio verde 632,-34.64333781175718,-58.46286991170847,#2ca02c
633,espacio_verde,Espacio verde 633,-34.65277494406437,-58.48950744044253,#2ca02c
634,espacio_verde,Espacio verde 634,-34.65401307810429,-58.491025144496156,#2ca02c
635,espacio_verde,Espacio verde 635,-34.65598830358023,-58.49338502107177,#2ca02c
636,espacio_verde,Espacio verde 636,-34.65716272216673,-58.49478880159921,#2ca02c
637,espacio_verde,Espacio verde 637,-34.65753737645839,-58.495237100439674,#2ca02c
638,espacio_verde,Espacio verde 638,-34.65932900406375,-58.49739020182553,#2ca02c
639,espacio_verde,Amigos de las Artes,-34.63748923443928,-58.4954486989666,#2ca02c
640,espacio_verde,Tte. Gral. Adolfo A. Arana,-34.63791495351167,-58.50440825157632,#2ca02c
641,espacio_verde,Plaza Primera Junta,-34.62089189400366,-58.44190465663072,#2ca02c
642,espacio_verde,Samuel Eichelbaum,-34.55115925598635,-58.48721236788037,#2ca02c
643,espacio_verde,Plazoleta Hércules,-34.633695344674265,-58.49733687087556,#2ca02c
644,espacio_verde,Espacio verde 644,-34.5599683820782,-58.44736153756185,#2ca02c
645,espacio_verde,Espacio verde 645,-34.56609570774127,-58.469222855506516,#2ca02c
646,espacio_verde,Espacio verde 646,-34.650592682636194,-58.4093172868265,#2ca02c
647,espacio_verde,Espacio verde 647,-34.66367527712649,-58.44667640928605,#2ca02c
648,espacio_verde,Espacio verde 648,-34.654254976389154,-58.44006485974049,#2ca02c
649,espacio_verde,Espacio verde 649,-34.558613190286245,-58.450088877540956,#2ca02c
650,espacio_verde,Plazoleta Zàrraga,-34.574110571773794,-58.46068890396518,#2ca02c
651,espacio_verde,Espacio verde 651,-34.63964825766877,-58.45794264363942,#2ca02c
652,espacio_verde,Espacio verde 652,-34.68599904976541,-58.48331047084566,#2ca02c
653,espacio_verde,Vicente Chas,-34.582506151779114,-58.47924941556377,#2ca02c
654,espacio_verde,Espacio verde 654,-34.65468621901408,-58.46844798836064,#2ca02c
655,espacio_verde,Espacio verde 655,-34.667570286686946,-58.47524631544108,#2ca02c
656,espacio_verde,Espacio verde 656,-34.668483663542865,-58.47462851749557,#2ca02c
657,espacio_verde,Espacio verde 657,-34.62639836021505,-58.4031783218962,#2ca02c
658,espacio_verde,Plazoleta Tbilisi,-34.58058393483108,-58.407439201220456,#2ca02c
659,espacio_verde,Patio Recreativo Paseo de Juegos La Victoria,-34.627116316632694,-58.487817715389646,#2ca02c
660,espacio_verde,Balneario Norte,-34.547304881173964,-58.434294218697566,#2ca02c
661,espacio_verde,Parque Centenario,-34.60670367640078,-58.43554054406574,#2ca02c
662,espacio_verde,Parque Chacabuco,-34.63417689620454,-58.44281091413831,#2ca02c
663,espacio_verde,Parque Patricios,-34.63886827702353,-58.40820473241163,#2ca02c
664,espacio_verde,Parque Avellaneda,-34.645288335078135,-58.478941305935386,#2ca02c
665,espacio_verde,Parque Los Andes,-34.59000217560075,-58.45090126674714,#2ca02c
666,espacio_verde,Plaza Int. Francisco Seeber,-34.575376249760126,-58.417291474273846,#2ca02c
667,espacio_verde,Plaza Arenales,-34.599362786569074,-58.51224681283356,#2ca02c
668,espacio_verde,Plaza de la Constitución,-34.625876923780744,-58.381305400437824,#2ca02c
669,espacio_verde,Plaza Primero de Mayo,-34.61135213808968,-58.39813781879498,#2ca02c
670,espacio_verde,Parque Lezama,-34.6267189469498,-58.369574913413146,#2ca02c
671,espacio_verde,Plaza Lavalle,-34.600925379657255,-58.38460473218151,#2ca02c
672,espacio_verde,Plaza San Martín,-34.59463625012193,-58.3756188164417,#2ca02c
673,espacio_verde,Plaza 25 de Mayo,-34.6084299505169,-58.3721592782522,#2ca02c
674,espacio_verde,Plaza Rodríguez Peña,-34.597958315420264,-58.39235673452472,#2ca02c
675,espacio_verde,Plaza Italia,-34.581205784608244,-58.420866124985466,#2ca02c
676,espacio_verde,Plaza Pueyrredón,-34.6284074658956,-58.46369874999807,#2ca02c
677,espacio_verde,Plaza Francia,-34.58486307137367,-58.39330777117627,#2ca02c
678,espacio_verde,Plaza Matheu,-34.64019795675587,-58.36687137125308,#2ca02c
679,espacio_verde,Plaza Alberti,-34.555011359175566,-58.457819003889576,#2ca02c
680,espacio_verde,Plaza Solis,-34.634444536919325,-58.35529916861406,#2ca02c
681,espacio_verde,Plaza Garay,-34.626642550016015,-58.38831482962043,#2ca02c
682,espacio_verde,Plaza Sudamérica,-34.68836533564801,-58.47508440240844,#2ca02c
683,espacio_verde,Balneario Sud,-34.61506464101282,-58.35181843565061,#2ca02c
684,espacio_verde,José E. Uriburu,-34.642147957679875,-58.41103114300432,#2ca02c
685,espacio_verde,Plaza 25 de Agosto,-34.580172168034764,-58.46253067358611,#2ca02c
686,espacio_verde,Plaza Vélez Sarsfield,-34.62989936247854,-58.48278580784112,#2ca02c
687,espacio_verde,Plaza Díaz Vélez,-34.65260727971473,-58.377735832216906,#2ca02c
688,espacio_verde,Plaza Echeverría,-34.572024591877735,-58.48932669021523,#2ca02c
689,espacio_verde,Plaza Castelli,-34.56744984326335,-58.46458583842432,#2ca02c
690,espacio_verde,Plaza Gral. Benito Nazar,-34.60486013421439,-58.4454946352775,#2ca02c
691,espacio_verde,Plaza Padre L. Massa,-34.63519508268861,-58.42267853080739,#2ca02c
692,espacio_verde,Plaza Ing. Estévez,-34.65287740422625,-58.466709725924254,#2ca02c
693,espacio_verde,Plaza Brown,-34.64483084881252,-58.36464289567382,#2ca02c
694,espacio_verde,"Plaza 24 de Septiembre, Batalla de Tucumán",-34.606765201221464,-58.44830691351284,#2ca02c
695,espacio_verde,Plazoleta 17 de Mayo,-34.65705417730587,-58.483048065263425,#2ca02c
696,espacio_verde,Plaza del Congreso,-34.609755371157945,-58.38990411584389,#2ca02c
697,espacio_verde,Plaza Dr. J. M. Velasco Ibarra,-34.617318633712024,-58.40342826195642,#2ca02c
698,espacio_verde,Plazoleta de los Molfetteses,-34.633769682802395,-58.3590747149912,#2ca02c
699,espacio_verde,Plaza Cnel. Martín Irigoyen,-34.64263619716347,-58.51257882719249,#2ca02c
700,espacio_verde,Plaza Rufino de Elizalde,-34.58140986907028,-58.40196828986554,#2ca02c
701,espacio_verde,Plaza Noruega,-34.56212604445878,-58.45873598515089,#2ca02c
702,espacio_verde,Francisco A. Rizzuto,-34.564844572396154,-58.437949543157735,#2ca02c
703,espacio_verde,Plaza República Federativa del Brasil,-34.583585621004346,-58.3904352262261,#2ca02c
704,espacio_verde,Paseo de las Américas,-34.549413435091736,-58.44043653610606,#2ca02c
705,espacio_verde,Paseo Arzoumanian,-34.57132184763878,-58.432174036478195,#2ca02c
706,espacio_verde,Plaza Padre M. Champagnat,-34.65186247626927,-58.38943809397591,#2ca02c
707,espacio_verde,Plaza República del Ecuador,-34.56379143762349,-58.42161979125313,#2ca02c
708,espacio_verde,Plazoleta Suipacha,-34.60025976532977,-58.37932321324692,#2ca02c
709,espacio_verde,Parque Padre Carlos Mugica,-34.56267061930786,-58.503907653972114,#2ca02c
710,espacio_verde,Paseo de la Recoleta,-34.588960130561006,-58.393587316348686,#2ca02c
711,espacio_verde,Plaza Cecilia Grierson,-34.622295512714764,-58.37497330452174,#2ca02c
712,espacio_verde,Plaza Lorea,-34.609165515166126,-58.3876568285211,#2ca02c
713,espacio_verde,Miguel Abuelo,-34.57539726524973,-58.4346778255943,#2ca02c
714,espacio_verde,Plazoleta Latino Americana,-34.653953968914635,-58.47778023394275,#2ca02c
715,espacio_verde,Plazoleta Martiniana Olivera de Levy y Daniel Levy (denominación propuesta),-34.638033067038265,-58.35707247771605,#2ca02c
716,espacio_verde,Plaza Balcarce,-34.54745563471599,-58.46856114458873,#2ca02c
717,espacio_verde,Plaza Leandro N. Alem,-34.576361568867355,-58.503200682866435,#2ca02c
718,espacio_verde,Plaza Mitre,-34.5840849697283,-58.395810850489795,#2ca02c
719,espacio_verde,Plazoleta Haroldo Conti,-34.61508645087713,-58.3578881026678,#2ca02c
720,espacio_verde,M. A. de Paz y Figueroa,-34.6248380708722,-58.380241521860356,#2ca02c
721,espacio_verde,Plaza Herrera,-34.64412198164646,-58.37618973634895,#2ca02c
722,espacio_verde,"Pcia. de Tierra Del Fuego, Ant. E Is. Del Atlant. Sur",-34.59477728224217,-58.382114000257666,#2ca02c
723,espacio_verde,Paloma Efron,-34.602799728752665,-58.38212126215939,#2ca02c
724,espacio_verde,Pcia. de la Pampa,-34.61135086331226,-58.381387427249805,#2ca02c
725,espacio_verde,Pcia. de la Rioja,-34.61019706553832,-58.3812339461813,#2ca02c
726,espacio_verde,Parque Gral. Paz,-34.56657181548105,-58.50627283429191,#2ca02c
727,espacio_verde,Paseo Pcias. Argentinas,-34.59348321358547,-58.38255117483848,#2ca02c
728,espacio_verde,Osmar Maderna,-34.649139800505814,-58.37822206123871,#2ca02c
729,espacio_verde,Parque de los Niños,-34.52966083872312,-58.457705039792835,#2ca02c
730,espacio_verde,Paseo República de Filipinas,-34.57457484851848,-58.46344061601594,#2ca02c
731,espacio_verde,República de Croacia,-34.56163539090987,-58.43318700571106,#2ca02c
732,espacio_verde,Parque Indoamericano,-34.66530000181146,-58.46094969259747,#2ca02c
733,espacio_verde,M. Sánchez de Thompson,-34.597122111923284,-58.37124808775792,#2ca02c
734,espacio_verde,Mauricio B. de Hirsch,-34.603183530969815,-58.43979210846799,#2ca02c
735,espacio_verde,Enrique M. Francini,-34.56799484928371,-58.40804479260488,#2ca02c
736,espacio_verde,Cnel. Juan F. Czetz,-34.55605963514023,-58.4815178971567,#2ca02c
737,espacio_verde,Dr. Pedro Escudero,-34.55220185179209,-58.48159952462122,#2ca02c
738,espacio_verde,Alfredo Le Pera,-34.549214855109085,-58.48098475086453,#2ca02c
739,espacio_verde,Plaza 1º de Marzo de 1948,-34.55570220873997,-58.49429444491796,#2ca02c
740,espacio_verde,Julio Sosa,-34.556780109014966,-58.47973180153733,#2ca02c
741,espacio_verde,Plazoleta Curuzú-Cuatiá,-34.55945829547808,-58.472622808460585,#2ca02c
742,espacio_verde,Plazoleta 8 de Marzo - Día Internacional de la Mujer,-34.634398752838486,-58.509108903430885,#2ca02c
743,espacio_verde,Lucio V. Mansilla - Paseo de las Artes Latinoamericanas,-34.60575881257688,-58.522589807847055,#2ca02c
744,espacio_verde,Frida Kahlo - Paseo de las Artes Latinoamericanas,-34.60421579726537,-58.52009296414142,#2ca02c
745,espacio_verde,Eduardo Mansilla - Paseo de las Artes Latinoamericanas,-34.60345969583305,-58.51886387889589,#2ca02c
746,espacio_verde,Plaza de la Bandera,-34.628835724027525,-58.4933825406858,#2ca02c
747,espacio_verde,República Arabe Siria,-34.6022749272424,-58.51317720823874,#2ca02c
748,espacio_verde,Plazoleta Líbano,-34.602117788579434,-58.51291614721735,#2ca02c
749,espacio_verde,Federico G. Lorca,-34.59875304564235,-58.5163765995355,#2ca02c
750,espacio_verde,María Ruanova - Paseo del Ballet Argentino,-34.59449556137859,-58.5166564307862,#2ca02c
751,espacio_verde,Mons. Hermenegildo Fazio,-34.59997043658086,-58.508179319609944,#2ca02c
752,espacio_verde,Antonio Berni - Paseo de las Artes Latinoamericanas,-34.597640514257414,-58.50943847856133,#2ca02c
753,espacio_verde,Nicolás Guillén - Paseo de las Artes Latinoamericanas,-34.596838676202765,-58.508140142771445,#2ca02c
754,espacio_verde,Alejo Carpentier - Paseo de las Artes Latinoamericanas,-34.59601658358927,-58.506809194152275,#2ca02c
755,espacio_verde,Delmira Agustini - Paseo de las Artes Latinoamericanas,-34.59531022490301,-58.505662767146525,#2ca02c
756,espacio_verde,Francisco Di Caro,-34.59442702759382,-58.504219993606554,#2ca02c
757,espacio_verde,Elena Larroque de Roffo,-34.601896462544964,-58.50496170424844,#2ca02c
758,espacio_verde,Plazoleta Guillermo Divito,-34.673697794372785,-58.4990026743879,#2ca02c
759,espacio_verde,Manuel C. Gómez,-34.67307954979793,-58.4823202566762,#2ca02c
760,espacio_verde,Plazoleta El Resero,-34.66244403809438,-58.50000481716973,#2ca02c
761,espacio_verde,Dr. Norberto Piñero,-34.6546912946307,-58.52092953437565,#2ca02c
762,espacio_verde,Luis J. de Tejeda,-34.653911065468314,-58.51628414544437,#2ca02c
763,espacio_verde,Beato Luis Guanella,-34.65011119551991,-58.51114826717103,#2ca02c
764,espacio_verde,Giácomo Puccini,-34.65248363899398,-58.516269391272175,#2ca02c
765,espacio_verde,Padre L. Massa,-34.65139706638402,-58.43245532693726,#2ca02c
766,espacio_verde,María T. de Weiss,-34.656877465593084,-58.4396867988512,#2ca02c
767,espacio_verde,Juan Gálvez,-34.65602260181615,-58.43869244666596,#2ca02c
768,espacio_verde,E. Santos Discépolo,-34.63978994581655,-58.424373006830855,#2ca02c
769,espacio_verde,Pedro Laurenz,-34.640798991603894,-58.420488452357866,#2ca02c
770,espacio_verde,Dr. Enrique T. Susini,-34.607492868802204,-58.44531135595882,#2ca02c
771,espacio_verde,Omar Torrijos,-34.60840606305995,-58.43391512185049,#2ca02c
772,espacio_verde,Elías Alippi,-34.599681864901385,-58.42984008809562,#2ca02c
773,espacio_verde,Julián Centeya,-34.63912988616452,-58.40338852697444,#2ca02c
774,espacio_verde,Evaristo Carriego,-34.591395885196675,-58.41288621646652,#2ca02c
775,espacio_verde,Alejandro Petión,-34.57855732358147,-58.40248331269869,#2ca02c
776,espacio_verde,Orencio P. Rodríguez,-34.595777980070444,-58.40434362969329,#2ca02c
777,espacio_verde,Plazoleta Gelly y Obes,-34.5851708051023,-58.39648760221482,#2ca02c
778,espacio_verde,C. González Pecotche,-34.58572323658727,-58.398850123491194,#2ca02c
779,espacio_verde,Plaza de la Defensa,-34.614095471063145,-58.372174319602166,#2ca02c
780,espacio_verde,Pedro M. Obligado,-34.592722561786225,-58.38681972427234,#2ca02c
781,espacio_verde,Dr. Joaquín Zabala,-34.60693358068521,-58.37965698346009,#2ca02c
782,espacio_verde,Plazoleta Juan C. Castagnino,-34.62413657998681,-58.37290877336181,#2ca02c
783,espacio_verde,Ing. Otto Krause,-34.61878116757529,-58.36865384564625,#2ca02c
784,espacio_verde,Plazoleta Canciller M. A. Zavala Ortiz,-34.5948928644257,-58.37321436758014,#2ca02c
785,espacio_verde,Brig. Gral. Tomás de Iriarte,-34.58498055848899,-58.38925786425592,#2ca02c
786,espacio_verde,San Nicolás,-34.60353283938516,-58.372913028044486,#2ca02c
787,espacio_verde,del Tango,-34.60358269434047,-58.36857422751662,#2ca02c
788,espacio_verde,Raquel Forner,-34.59974041562667,-58.36357886961978,#2ca02c
789,espacio_verde,Plaza Fenia Chertkoff,-34.59861583844684,-58.363858071315875,#2ca02c
790,espacio_verde,"Don Enrique ""el Navegante""",-34.59855367277036,-58.363354186450906,#2ca02c
791,espacio_verde,Ricardo J. Calichio,-34.663217916858116,-58.504196214686665,#2ca02c
792,espacio_verde,Plazoleta Navarra,-34.59932609354537,-58.47911719126878,#2ca02c
793,espacio_verde,Javier San Francisco,-34.59909241605887,-58.47981789592859,#2ca02c
794,espacio_verde,Mcal. José Pildsudski,-34.59392048487944,-58.505462261862135,#2ca02c
795,espacio_verde,Michel Borowsky - Paseo del Ballet Argentino,-34.59536144277058,-58.515875248453334,#2ca02c
796,espacio_verde,Plazoleta Yugoslavia,-34.63351746704301,-58.520179112180124,#2ca02c
797,espacio_verde,Plaza Guatemala,-34.633714030114405,-58.5210591413566,#2ca02c
798,espacio_verde,La Casa del Angel,-34.63946183435331,-58.50641662128351,#2ca02c
799,espacio_verde,La Guerra Gaucha,-34.639709276604464,-58.50781056311771,#2ca02c
800,espacio_verde,Plaza Calabria,-34.664284096033576,-58.46960256657929,#2ca02c
801,espacio_verde,Plaza Alberdi,-34.559936631813834,-58.48719434944864,#2ca02c
802,espacio_verde,Carlos Gardel,-34.64243693576576,-58.490859277483516,#2ca02c
803,espacio_verde,Carlos N. Vergara,-34.63934392821779,-58.38823788393829,#2ca02c
804,espacio_verde,de la Lealtad,-34.59840483307152,-58.46658793094221,#2ca02c
805,espacio_verde,Ernesto Padilla,-34.57537367939816,-58.45998122345633,#2ca02c
806,espacio_verde,Francisco Lomuto,-34.554676295174026,-58.48540814804766,#2ca02c
807,espacio_verde,Francisco Fiorentino,-34.558367967594165,-58.47599692098682,#2ca02c
808,espacio_verde,Dr. Ricardo Balbín,-34.551540984208714,-58.499184251834755,#2ca02c
809,espacio_verde,Homero Expósito,-34.55530747607637,-58.49612902199373,#2ca02c
810,espacio_verde,Pascual Pérez,-34.54975374678004,-58.48205792571041,#2ca02c
811,espacio_verde,Plazoleta Herminia C. Brumana,-34.63394248206772,-58.45889876133634,#2ca02c
812,espacio_verde,Ricardo Gutiérrez,-34.601011514523535,-58.48413848341093,#2ca02c
813,espacio_verde,Carlos Malagarriga,-34.54636717077446,-58.470473057287215,#2ca02c
814,espacio_verde,República Democrática del Congo,-34.58805578102019,-58.38274342908002,#2ca02c
815,espacio_verde,Plazoleta Fernando Ghio,-34.66592924843934,-58.502596664791575,#2ca02c
816,espacio_verde,Luna Pelagio,-34.648301140452446,-58.50726341749273,#2ca02c
817,espacio_verde,"Dr. Alfredo, Rivas",-34.62766722430047,-58.40393700017861,#2ca02c
818,espacio_verde,José Neglia - Paseo del Ballet Argentino,-34.59686278285313,-58.51452737748568,#2ca02c
819,espacio_verde,Norma Fontenla - Paseo del Ballet Argentino,-34.59761082849374,-58.51385097163891,#2ca02c
820,espacio_verde,Dora del Grande - Paseo del Ballet Argentino,-34.593654611631244,-58.517418445703136,#2ca02c
821,espacio_verde,Dr. Roberto Koch,-34.58696839120329,-58.47090124051347,#2ca02c
822,espacio_verde,Plazoleta República Soc. de Vietnam,-34.56449070487818,-58.48145757544597,#2ca02c
823,espacio_verde,Plaza Mario A. Amaya,-34.62779620194717,-58.416638444591484,#2ca02c
824,espacio_verde,Plazoleta Celedonio E. Flores,-34.58168361790836,-58.4514319685339,#2ca02c
825,espacio_verde,Leopoldo Torre Nilson,-34.59916628465052,-58.36934840176888,#2ca02c
826,espacio_verde,Plaza Nicolás Granada,-34.67404815617582,-58.47860744452191,#2ca02c
827,espacio_verde,Plazoleta de los Suspiros,-34.639413219568254,-58.36160576582104,#2ca02c
828,espacio_verde,Roberto Firpo,-34.56993054419971,-58.45689142528126,#2ca02c
829,espacio_verde,Obispo Enrique Angelelli,-34.65874360624004,-58.42280208367044,#2ca02c
830,espacio_verde,Ana M. Shultz,-34.654711238100695,-58.43687102586152,#2ca02c
831,espacio_verde,Francisco Mura,-34.65529507634196,-58.437772751846715,#2ca02c
832,espacio_verde,Dr. José L. Romero,-34.63183377333912,-58.44503116129189,#2ca02c
833,espacio_verde,Roberto J. Santoro,-34.58457745399262,-58.45477973949451,#2ca02c
834,espacio_verde,Subcrio. Severino J. Cirigliano,-34.58591552349988,-58.45313811179954,#2ca02c
835,espacio_verde,Pref. Naval Argentina,-34.685445192330285,-58.47026693360424,#2ca02c
836,espacio_verde,Paseo de Versalles: sector J. Amalfitani,-34.632394034850776,-58.52211925917226,#2ca02c
837,espacio_verde,Plazoleta Cid Campeador,-34.607605876793166,-58.44581079612929,#2ca02c
838,espacio_verde,Plazoleta de las Madres,-34.62714567224117,-58.39146832174408,#2ca02c
839,espacio_verde,Elisa Brown,-34.63083912922033,-58.371754546358936,#2ca02c
840,espacio_verde,Plazoleta Caras y Caretas,-34.6891326016948,-58.46569006145042,#2ca02c
841,espacio_verde,Manuel de Sarratea,-34.6167708947574,-58.47515524128155,#2ca02c
842,espacio_verde,Plazoleta Nigeria,-34.609944672524314,-58.465404892778515,#2ca02c
843,espacio_verde,Virginia Bolten,-34.6146728936231,-58.360883034371476,#2ca02c
844,espacio_verde,Aeronáutica Argentina,-34.67979303915119,-58.46644380723002,#2ca02c
845,espacio_verde,Dr. Mariano R. Castex,-34.58356575715882,-58.40646703993211,#2ca02c
846,espacio_verde,Dr. Rodolfo Erausquin,-34.63080846042106,-58.527684185502295,#2ca02c
847,espacio_verde,Edgardo Donato,-34.598514949951124,-58.52014477887827,#2ca02c
848,espacio_verde,León Fontova,-34.63784653250289,-58.49200736646937,#2ca02c
849,espacio_verde,Antonio Cambiasso,-34.600852578712384,-58.490492019885615,#2ca02c
850,espacio_verde,Plaza Dr. Vicente S. Lima,-34.56387608525312,-58.50307661754429,#2ca02c
851,espacio_verde,Plaza Bélgica,-34.579925411881945,-58.40085321139243,#2ca02c
852,espacio_verde,Constancio C. Vigil,-34.598797756006114,-58.453150300458134,#2ca02c
853,espacio_verde,Ricardo Llanes,-34.653348882344986,-58.490229915005116,#2ca02c
854,espacio_verde,Rosa Pavlosky,-34.65467367223538,-58.49181510842952,#2ca02c
855,espacio_verde,Julio Cruciani,-34.65533614538014,-58.492604937763055,#2ca02c
856,espacio_verde,José E. Agüero,-34.62872637787093,-58.52193019292472,#2ca02c
857,espacio_verde,Ismael Chukri,-34.67882578198838,-58.477075105890165,#2ca02c
858,espacio_verde,Vicente Bellini,-34.63683074856851,-58.49342440899582,#2ca02c
859,espacio_verde,Paseo de la Victoria,-34.615021009048135,-58.428705988859356,#2ca02c
860,espacio_verde,Ricardo Tanturi,-34.610344584230916,-58.3748699044839,#2ca02c
861,espacio_verde,Rosita Quiroga,-34.605846705091274,-58.3778542108619,#2ca02c
862,espacio_verde,Ciriaco Ortiz,-34.60692758664411,-58.37520008223205,#2ca02c
863,espacio_verde,Mario Broggi,-34.64547055021895,-58.415992433389086,#2ca02c
864,espacio_verde,Dr. Antonio Sáenz,-34.641770543513346,-58.41626191636759,#2ca02c
865,espacio_verde,César Iglesias Paz,-34.57960973319402,-58.40800721289701,#2ca02c
866,espacio_verde,África,-34.542141466195424,-58.47427536500214,#2ca02c
867,espacio_verde,Dip. Nac. Jorge M. Almada,-34.54374388741504,-58.473498436476035,#2ca02c
868,espacio_verde,Joaquín Campana,-34.544580092732794,-58.47307123488394,#2ca02c
869,espacio_verde,Carlos Sánchez Viamonte,-34.545899075975306,-58.47144415851238,#2ca02c
870,espacio_verde,Miguel C. Victorica,-34.64376663435376,-58.36260482639018,#2ca02c
871,espacio_verde,María Ponce de Bianco,-34.62371786060787,-58.39309209034121,#2ca02c
872,espacio_verde,Guillermo E. Hudson,-34.578145017901655,-58.4177460474345,#2ca02c
873,espacio_verde,Plazoleta Santiago J. Chierico,-34.64577552368412,-58.527099937412444,#2ca02c
874,espacio_verde,Plazoleta Tomás Di Taranto,-34.645978675358855,-58.52712006575008,#2ca02c
875,espacio_verde,Juan C. Cobián,-34.57547221153501,-58.40168152090873,#2ca02c
876,espacio_verde,Villa de las Catalinas,-34.57090612263523,-58.49088896798739,#2ca02c
877,espacio_verde,Villa Ortúzar,-34.58394871251562,-58.46643816364266,#2ca02c
878,espacio_verde,William C. Morris,-34.5842987659414,-58.4274411956503,#2ca02c
879,espacio_verde,Juan Maffioli,-34.641336187514604,-58.414401831542044,#2ca02c
880,espacio_verde,Mcal. Toribio de Luzuriaga,-34.63529939764543,-58.39003471043846,#2ca02c
881,espacio_verde,Plazoleta Embajada de Israel - Plzta. en Memoria del Atentado,-34.591603496972176,-58.38036977980015,#2ca02c
882,espacio_verde,Paseo Dr. Luciano F. Molina,-34.599916664046816,-58.38529543491786,#2ca02c
883,espacio_verde,Espacio verde 883,-34.62581422963198,-58.39994879129266,#2ca02c
884,espacio_verde,Plaza M. Mujica Lainez,-34.58958356702632,-58.39300853390129,#2ca02c
885,espacio_verde,Plaza Don Segundo Sombra - Brian Aguinaco,-34.64212737865785,-58.45037106604972,#2ca02c
886,espacio_verde,Plazoleta Las Nereidas,-34.61693808835036,-58.356743697181486,#2ca02c
887,espacio_verde,Dr. C. A. Pueyrredón,-34.56123047414024,-58.427763374766656,#2ca02c
888,espacio_verde,Plazoleta del Arbol,-34.59341802636206,-58.40872085257301,#2ca02c
889,espacio_verde,Plazoleta Sur,-34.615963413012366,-58.41685438318976,#2ca02c
890,espacio_verde,Rodolfo Walsh,-34.61597345329702,-58.374440865494265,#2ca02c
891,espacio_verde,Plazoleta Enrique Pichón Riviere,-34.59476609117205,-58.39923931306835,#2ca02c
892,espacio_verde,Parque Thays,-34.58483427236388,-58.386914438055406,#2ca02c
893,espacio_verde,Bo. Gral. San Martín,-34.5737395531369,-58.50969464713069,#2ca02c
894,espacio_verde,Parque Rivadavia,-34.61794206807154,-58.43323343115552,#2ca02c
895,espacio_verde,Parque Las Heras,-34.58402085324244,-58.40870525713359,#2ca02c
896,espacio_verde,Plaza El Salvador,-34.548913751605006,-58.44595320103355,#2ca02c
897,espacio_verde,Parque de la Raza (Aeroparque),-34.5596572552386,-58.41525934596644,#2ca02c
898,espacio_verde,Parque de las Victorias,-34.68014245496586,-58.45836423853199,#2ca02c
899,espacio_verde,Dr. Juan B. Alberdi,-34.66003707992905,-58.50082007811733,#2ca02c
900,espacio_verde,Plaza Mariano Moreno,-34.60960167745619,-58.38837353612335,#2ca02c
901,espacio_verde,Plaza Martín Rodríguez,-34.590831890257554,-58.50111468914738,#2ca02c
902,espacio_verde,Plaza B. Vicuña Mackenna,-34.5440831335112,-58.47737541062394,#2ca02c
903,espacio_verde,Plaza Roma,-34.601180903623096,-58.36977734333488,#2ca02c
904,espacio_verde,Italo Masuelli,-34.57513644668395,-58.51026664785107,#2ca02c
905,espacio_verde,Parque Saint Tropez,-34.54954074290623,-58.42774483382559,#2ca02c
906,espacio_verde,Plaza de los Periodistas,-34.62142907356005,-58.47302112668047,#2ca02c
907,espacio_verde,Plaza Tte. Gral. Pablo Ricchieri,-34.61063725069954,-58.51830595852695,#2ca02c
908,espacio_verde,Plazoleta Colombia,-34.63744660912716,-58.374203391389486,#2ca02c
909,espacio_verde,Plaza Islas Malvinas,-34.62691597492412,-58.36054570813909,#2ca02c
910,espacio_verde,Plaza Dr. Onesimo Leguizamón,-34.655870418546776,-58.51847993194999,#2ca02c
911,espacio_verde,Monte Ararat,-34.58963059969508,-58.41527012351164,#2ca02c
912,espacio_verde,Plaza Derechos del Hombre,-34.63403537983616,-58.50787371307486,#2ca02c
913,espacio_verde,Plaza Unidad Latinoamericana,-34.59212267351636,-58.419861411007446,#2ca02c
914,espacio_verde,Plaza Almagro,-34.60579272639433,-58.41911651820208,#2ca02c
915,espacio_verde,Plaza Tte. Gral. Emilio Mitre,-34.58816196994382,-58.39750344121323,#2ca02c
916,espacio_verde,F. Lopez Torres,-34.64430896442139,-58.412275212504355,#2ca02c
917,espacio_verde,Plaza R. González Tuñón,-34.61238187246852,-58.41187389619877,#2ca02c
918,espacio_verde,Plaza Unidad Nacional,-34.6772559887978,-58.47666468008029,#2ca02c
919,espacio_verde,Plaza Cap. D. Fidel Sarmiento,-34.58225689822201,-58.4778696741186,#2ca02c
920,espacio_verde,Plaza Dr. Alfredo Nobel,-34.58784016398711,-58.48447079938975,#2ca02c
921,espacio_verde,Plaza Inmigrantes de Armenia,-34.58878064593449,-58.425179130955485,#2ca02c
922,espacio_verde,Plaza Exodo Jujeño,-34.58290360497033,-58.48119039474845,#2ca02c
923,espacio_verde,Plaza Félix Lima,-34.541347170202954,-58.47033835443598,#2ca02c
924,espacio_verde,Gral. A. J. Sucre,-34.55986035322259,-58.44926256246593,#2ca02c
925,espacio_verde,Plaza Juan F. Salaberry,-34.655641931362794,-58.506340308273316,#2ca02c
926,espacio_verde,Plaza Alf José M. Sobral,-34.581584522870074,-58.41038914590652,#2ca02c
927,espacio_verde,Plaza Antonio Malaver,-34.587701627573786,-58.46718478103601,#2ca02c
928,espacio_verde,Plaza Dr. Amadeo Sabattini,-34.612379422289706,-58.443621449689836,#2ca02c
929,espacio_verde,Roberto Noble,-34.57879422302108,-58.41323421573694,#2ca02c
930,espacio_verde,Plaza Sarmiento,-34.64518965014734,-58.52342140802441,#2ca02c
931,espacio_verde,Plaza Rosario Vera Peñaloza,-34.622421432488835,-58.37630539251618,#2ca02c
932,espacio_verde,Plaza de los Mataderos,-34.657744204310596,-58.50675945746361,#2ca02c
933,espacio_verde,Plaza Ing. Félix Aguilar,-34.556520407065264,-58.439592104769304,#2ca02c
934,espacio_verde,San Miguel de Garicoits,-34.57769191702472,-58.458550847516705,#2ca02c
935,espacio_verde,Plazoleta Emilio Troncoso,-34.66600599247752,-58.48386512676702,#2ca02c
936,espacio_verde,Plazoleta Juvenilia,-34.596458326792906,-58.37564530954894,#2ca02c
937,espacio_verde,Int. Joaquín S. de Anchorena,-34.61319098134394,-58.37784891727698,#2ca02c
938,espacio_verde,Plaza Ramón G. Fernández,-34.57318555444185,-58.414401367292136,#2ca02c
939,espacio_verde,Plaza Domingo Olivera,-34.64747533530975,-58.48409719421705,#2ca02c
940,espacio_verde,Francisco Canaro,-34.62431821800772,-58.39309688849014,#2ca02c
941,espacio_verde,Plaza de los Colegiales,-34.57680771459833,-58.44402992548281,#2ca02c
942,espacio_verde,Plaza Gral. Manuel Belgrano,-34.56167785277019,-58.45477424444748,#2ca02c
943,espacio_verde,Plaza Sgto. Cabral,-34.651112374304944,-58.52729219657223,#2ca02c
944,espacio_verde,José Soldati,-34.65842764963569,-58.4331622564863,#2ca02c
945,espacio_verde,Plaza Nueva Pompeya,-34.651969445464566,-58.415576775733385,#2ca02c
946,espacio_verde,Plaza Evita,-34.58388734062087,-58.39747910935263,#2ca02c
947,espacio_verde,Plaza Ejército de los Andes,-34.63947882375429,-58.50926264281986,#2ca02c
948,espacio_verde,Plaza Mafalda,-34.58073893895854,-58.44552957937443,#2ca02c
949,espacio_verde,Parque Micaela Bastidas,-34.615033024781376,-58.359372267997074,#2ca02c
950,espacio_verde,Plaza Cnel. Ramón L. Falcón - Che Guevara,-34.63584161407403,-58.48221961955513,#2ca02c
951,espacio_verde,Plaza San Martín (Anexo),-34.59456575363672,-58.378054031821264,#2ca02c
952,espacio_verde,Plaza José C. Paz,-34.644531952379644,-58.410522824809995,#2ca02c
953,espacio_verde,Plaza Roberto Arlt,-34.607815454506614,-58.378308280442326,#2ca02c
954,espacio_verde,Plazoleta Portugal,-34.56962023363112,-58.456911720593745,#2ca02c
955,espacio_verde,Alfonsina Storni,-34.622905578662326,-58.389187313085166,#2ca02c
956,espacio_verde,Nstra Sra. de Luján,-34.65458496542416,-58.38748727741094,#2ca02c
957,espacio_verde,Plaza Mons. Fermín Lafitte,-34.61869533469114,-58.50803942462858,#2ca02c
958,espacio_verde,Plaza Dr. R. Sáenz Peña,-34.61040285471036,-58.46762385983882,#2ca02c
959,espacio_verde,Enrique Udaondo,-34.59456694462147,-58.38977728036423,#2ca02c
960,espacio_verde,Héctor Gagliardi,-34.57632358229262,-58.51105059773249,#2ca02c
961,espacio_verde,San Martín de Tours,-34.58648166888357,-58.3897892709717,#2ca02c
962,espacio_verde,Plaza Federación de Rusia,-34.5553953293487,-58.4373735159557,#2ca02c
963,espacio_verde,Crisólogo Larralde,-34.619458686308185,-58.44160775064708,#2ca02c
964,espacio_verde,Aníbal Troilo,-34.580162853633155,-58.42207563210002,#2ca02c
965,espacio_verde,Dr. Emir E. Mercader,-34.56401886042347,-58.43702413336086,#2ca02c
966,espacio_verde,José Razzano,-34.60568530958022,-58.36930308892238,#2ca02c
967,espacio_verde,Plaza República del Perú,-34.57656737547045,-58.40398020341958,#2ca02c
968,espacio_verde,Justo Suárez,-34.66213646062092,-58.50516163785807,#2ca02c
969,espacio_verde,Plaza República Oriental del Uruguay,-34.581974925323756,-58.397684444988606,#2ca02c
970,espacio_verde,Julio Dimilta,-34.64989806125009,-58.42494389376587,#2ca02c
971,espacio_verde,Plaza Grand Bourg,-34.580440759393916,-58.40154455279516,#2ca02c
972,espacio_verde,Dr. Ricardo Finochietto,-34.65340662790937,-58.39494454584933,#2ca02c
973,espacio_verde,Plaza Jorge L. Borges,-34.584926539508025,-58.39928023795156,#2ca02c
974,espacio_verde,Plaza Salvador M. del Carril,-34.590954153762716,-58.37256399621716,#2ca02c
975,espacio_verde,Plaza Miguel Unamuno,-34.653372595994064,-58.3931393254933,#2ca02c
976,espacio_verde,Plaza Ciudad de Banff,-34.62852158040382,-58.52090003561847,#2ca02c
977,espacio_verde,Pque. Av. García del Río,-34.54967006527807,-58.474923712774896,#2ca02c
978,espacio_verde,Gerardo M. Rodríguez,-34.554246732395946,-58.497007868935576,#2ca02c
979,espacio_verde,Pedro Mafia,-34.58867222922936,-58.36910322291536,#2ca02c
980,espacio_verde,Plazoleta Colonia Esperanza,-34.58188634766159,-58.45154176713243,#2ca02c
981,espacio_verde,Hipólito Bouchard,-34.60459779989093,-58.36842448383743,#2ca02c
982,espacio_verde,Helen Keller,-34.65208689251976,-58.41179701504897,#2ca02c
983,espacio_verde,Dr. Genaro Giacobini,-34.640244808832165,-58.40839742322297,#2ca02c
984,espacio_verde,Lindor B. Sotomayor,-34.61037684054509,-58.49293658074107,#2ca02c
985,espacio_verde,Paseo de la Chacarita de los Colegiales,-34.59215586858907,-58.454774862974304,#2ca02c
986,espacio_verde,Corto Maltés,-34.58672589883154,-58.470542565403726,#2ca02c
987,espacio_verde,Melchor P. de Holguín,-34.64766957845355,-58.427722137010015,#2ca02c
988,espacio_verde,M. San Martín de Balcarce,-34.60957768901043,-58.46686664278242,#2ca02c
989,espacio_verde,Ciudad de Pigüé,-34.56571588336809,-58.43891777475145,#2ca02c
990,espacio_verde,Alfredo L. Palacios,-34.65669357452386,-58.521980847764645,#2ca02c
991,espacio_verde,Porto Alegre,-34.59768440865822,-58.487356827729684,#2ca02c
992,espacio_verde,Oscar Fresedo,-34.59143964053664,-58.46578511113272,#2ca02c
993,espacio_verde,Plaza de los Virreyes - Tupac  Amarú,-34.643487272524055,-58.46189748269865,#2ca02c
994,espacio_verde,Eva Perón,-34.61773472562336,-58.369081869824235,#2ca02c
995,espacio_verde,Trinidad y Tobago,-34.53729350183581,-58.470252812694625,#2ca02c
996,espacio_verde,De los Vecinos Sensibles,-34.59057254757516,-58.41400636992327,#2ca02c
997,espacio_verde,Plazoleta Carlos Disarli,-34.62986930844629,-58.36412721003583,#2ca02c
998,espacio_verde,Don Fulgencio,-34.58448774166578,-58.46959423191284,#2ca02c
999,espacio_verde,Ciudad de Guadix,-34.673965664725955,-58.49786745786274,#2ca02c
1000,espacio_verde,Base Marambio,-34.605303555541326,-58.43797115314487,#2ca02c
1001,espacio_verde,San Vicente de Paul,-34.64026479171168,-58.44144918730074,#2ca02c
1002,espacio_verde,Plaza Pakistan,-34.564235820378784,-58.423485560698985,#2ca02c
1003,espacio_verde,Plaza Luis F. Leloir,-34.584560869581345,-58.397037842305416,#2ca02c
1004,espacio_verde,Nicolás Repetto,-34.66027795410813,-58.518009042799285,#2ca02c
1005,espacio_verde,Antonio Millán,-34.63854642928847,-58.46445998565115,#2ca02c
1006,espacio_verde,Don Orione,-34.650759228682375,-58.41027518932969,#2ca02c
1007,espacio_verde,Plaza Cmte. A. Guacurari Artigas,-34.570625007669975,-58.421445630802125,#2ca02c
1008,espacio_verde,Dr. Carlos A. Erro,-34.603486947764424,-58.3683751924511,#2ca02c
1009,espacio_verde,Héctor Greslebin,-34.60853568209664,-58.43705474365544,#2ca02c
1010,espacio_verde,Gral. Francisco Morazán,-34.565687133798164,-58.449415699962614,#2ca02c
1011,espacio_verde,Clemente Onelli,-34.65059606321776,-58.405836025353494,#2ca02c
1012,espacio_verde,Florencio Sánchez,-34.5622284920493,-58.42665867939242,#2ca02c
1013,espacio_verde,Julián Besteiro,-34.596055943199374,-58.470906556258484,#2ca02c
1014,espacio_verde,Carlos de la Púa,-34.596114227372,-58.486309707291255,#2ca02c
1015,espacio_verde,Julio Cortázar,-34.58874675137519,-58.43015953661586,#2ca02c
1016,espacio_verde,Plaza República de Honduras,-34.54791865996159,-58.44309092642896,#2ca02c
1017,espacio_verde,Plazoleta Maimónides,-34.5992949686588,-58.39907855439089,#2ca02c
1018,espacio_verde,Agustín Comastri,-34.58684409453606,-58.44179516811231,#2ca02c
1019,espacio_verde,Cesáreo B. de Quirós,-34.57495726864642,-58.40761171120297,#2ca02c
1020,espacio_verde,Plazoleta de la Amistad,-34.5954632834653,-58.45172920440241,#2ca02c
1021,espacio_verde,Plazoleta de la Policía Fed.,-34.599075655761766,-58.515698904968744,#2ca02c
1022,espacio_verde,Estado del Vaticano,-34.60060550717746,-58.38349708984838,#2ca02c
1023,espacio_verde,Enrique G. Velloso,-34.57071774273243,-58.412572255694926,#2ca02c
1024,espacio_verde,Enrique Banchs,-34.54651008042456,-58.470561311632814,#2ca02c
1025,espacio_verde,La Patagonia Rebelde,-34.63920031236151,-58.50493193266898,#2ca02c
1026,espacio_verde,César Tiempo,-34.561172916123844,-58.4452036366079,#2ca02c
1027,espacio_verde,La Historia Oficial,-34.638985663219934,-58.50371506283778,#2ca02c
1028,espacio_verde,Ceferino Namuncurá,-34.6284940950469,-58.52446228760554,#2ca02c
1029,espacio_verde,Virreinato del Río de la Plata,-34.57444777376107,-58.41554937526182,#2ca02c
1030,espacio_verde,Forja,-34.656076319878736,-58.420472116717505,#2ca02c
1031,espacio_verde,Federico Früebel,-34.608487510295895,-58.43340338414708,#2ca02c
1032,espacio_verde,Plaza del Correo,-34.60492559343285,-58.369302740044716,#2ca02c
1033,espacio_verde,Plaza Ramón J. Carcano,-34.58720799838414,-58.39050592741257,#2ca02c
1034,espacio_verde,Ciudad de Lakewood,-34.647378438218134,-58.40332156235606,#2ca02c
1035,espacio_verde,Plaza de las Naciones Unidas,-34.58142452169111,-58.39364479202143,#2ca02c
1036,espacio_verde,Gaspar Xuarez,-34.56204042301019,-58.44272428468691,#2ca02c
1037,espacio_verde,Gral. Enrique Mosconi,-34.5618339014806,-58.44363725983645,#2ca02c
1038,espacio_verde,Plazoleta Dr. Carlos S. Lamas,-34.6689907261976,-58.50063320745169,#2ca02c
1039,espacio_verde,Presb. Virgilio Filipo,-34.54133705188275,-58.47467826996525,#2ca02c
1040,espacio_verde,Prisioneros de la Tierra,-34.639964204239554,-58.50918089800961,#2ca02c
1041,espacio_verde,Herminio Masantonio,-34.64660916430539,-58.401995350244036,#2ca02c
1042,espacio_verde,Tte. de Navío Cándido de Lasala,-34.595652362637786,-58.377357937843584,#2ca02c
1043,espacio_verde,Jacinto Oddone,-34.65307344152868,-58.47060068919657,#2ca02c
1044,espacio_verde,Homero Manzi,-34.644858945018356,-58.431943318676545,#2ca02c
1045,espacio_verde,Horacio R. Molina,-34.66231078883704,-58.48557534101001,#2ca02c
1046,espacio_verde,Plazoleta del Mercado Modelo,-34.60910097688282,-58.38722729285542,#2ca02c
1047,espacio_verde,Oliverio Girondo,-34.54308865805109,-58.473819545925664,#2ca02c
1048,espacio_verde,Regis Martínez,-34.54050204066505,-58.4750644500375,#2ca02c
1049,espacio_verde,Organiz. de Estados Americanos,-34.58521420957349,-58.390484618288376,#2ca02c
1050,espacio_verde,Arturo E. Sampay,-34.548572476515204,-58.46939542479275,#2ca02c
1051,espacio_verde,Arturo Marasso,-34.54530535472934,-58.47234684688828,#2ca02c
1052,espacio_verde,Reino de Tailandia,-34.587227498654734,-58.397143974905234,#2ca02c
1053,espacio_verde,Crucero Gral. Belgrano,-34.60519308315064,-58.4335779162317,#2ca02c
1054,espacio_verde,Plaza Armenia,-34.55609631562276,-58.432578758896916,#2ca02c
1055,espacio_verde,Scholem Aleijem,-34.59783461929801,-58.422589998672684,#2ca02c
1056,espacio_verde,Pascual Contursi,-34.57497611477828,-58.487741739629335,#2ca02c
1057,espacio_verde,Ignacio Corsini,-34.643443882250246,-58.4898201720171,#2ca02c
1058,espacio_verde,Bernardo B. Delom,-34.67036357862497,-58.47869771162634,#2ca02c
1059,espacio_verde,Paseo de los Ombúes,-34.55805193000933,-58.4258530878814,#2ca02c
1060,espacio_verde,Eduardo Arolas,-34.552771282167924,-58.49822461331883,#2ca02c
1061,espacio_verde,Paseo del Ballet Argentino (e/ Pareja y Habana),-34.59830255663234,-58.513232131857706,#2ca02c
1062,espacio_verde,Reserva Ecológica,-34.60655430692946,-58.35086493216098,#2ca02c
1063,espacio_verde,Parque España,-34.63388148798367,-58.385296084986365,#2ca02c
1064,espacio_verde,Plaza Bruno Giordano,-34.61730203224212,-58.44109618009438,#2ca02c
1065,espacio_verde,Juan XXIII,-34.587743545997206,-58.39163656118481,#2ca02c
1066,espacio_verde,Plaza Gendarmería Nacional,-34.65114751399333,-58.36966236116987,#2ca02c
1067,espacio_verde,Plaza Campaña del Chaco,-34.618038847385115,-58.35729504069666,#2ca02c
1068,espacio_verde,Plaza República Islámica de Irán,-34.573482173459475,-58.40966277567974,#2ca02c
1069,espacio_verde,Plaza Juan F. Quiroga,-34.56973606136988,-58.41598903149946,#2ca02c
1070,espacio_verde,Adán Quiroga,-34.5488256944671,-58.45429101445478,#2ca02c
1071,espacio_verde,Plaza Martín de Alzaga,-34.57553812116798,-58.41902372640193,#2ca02c
1072,espacio_verde,Mujeres Argentinas,-34.608114080236206,-58.36144129410364,#2ca02c
1073,espacio_verde,Plaza Estado Plurinacional de Bolivia,-34.562833745399004,-58.436771700665474,#2ca02c
1074,espacio_verde,Parque de San Benito,-34.55076498084065,-58.43614814809019,#2ca02c
1075,espacio_verde,Julio de Caro,-34.585430694904524,-58.38960715995738,#2ca02c
1076,espacio_verde,Plaza Alberto Vaccarezza,-34.626314854465924,-58.51189455616817,#2ca02c
1077,espacio_verde,Agustín R. Astengo,-34.5938435047453,-58.392273889575,#2ca02c
1078,espacio_verde,Paul Percy Harris,-34.59244004351448,-58.3787140072619,#2ca02c
1079,espacio_verde,Andrés Chazarreta,-34.58734235394174,-58.48095485533512,#2ca02c
1080,espacio_verde,Plaza Nstra. Sra. de las Nieves,-34.60595469419896,-58.36889567542301,#2ca02c
1081,espacio_verde,Esc. la Banderita,-34.65157292244578,-58.40702319612416,#2ca02c
1082,espacio_verde,Prof. Ernesto Nelson,-34.632931465722194,-58.50227111005146,#2ca02c
1083,espacio_verde,Rómulo Zabala,-34.65725033322758,-58.52049847736429,#2ca02c
1084,espacio_verde,Plaza Henry Dunant,-34.657677125189686,-58.48132252827427,#2ca02c
1085,espacio_verde,"Regimiento 1º de Infanteria ""Patricios""",-34.599664749362,-58.39118732461147,#2ca02c
1086,espacio_verde,11 de Junio de 1580,-34.606816859851676,-58.36991547955174,#2ca02c
1087,espacio_verde,José Hernández,-34.65164798276748,-58.37192801047112,#2ca02c
1088,espacio_verde,Plaza Casa Cuna,-34.6296300142105,-58.37817138546689,#2ca02c
1089,espacio_verde,Pcia. de Córdoba,-34.62095129468093,-58.38081747314886,#2ca02c
1090,espacio_verde,Pcia. de Catamarca,-34.621723940338576,-58.38058760959499,#2ca02c
1091,espacio_verde,Plaza Concepción del Alto de San Pedro,-34.61807315174301,-58.38044787327426,#2ca02c
1092,espacio_verde,Alfonso R. Castelao,-34.61802207775451,-58.38003657419302,#2ca02c
1093,espacio_verde,Pcia de Buenos Aires,-34.628306732262374,-58.378605041491745,#2ca02c
1094,espacio_verde,La Cumparsita,-34.602762410174655,-58.38122754226987,#2ca02c
1095,espacio_verde,Verano Porteño,-34.604709523846594,-58.38201477854149,#2ca02c
1096,espacio_verde,Cnel. Toribio Tedin,-34.59108907553993,-58.38187170331575,#2ca02c
1097,espacio_verde,Pcia. de Mendoza,-34.60942626552424,-58.38131495785595,#2ca02c
1098,espacio_verde,Pcia. de Chaco,-34.61700246421823,-58.38079024535134,#2ca02c
1099,espacio_verde,Santa Francisca J. Cabrini,-34.585104254929725,-58.372074951283444,#2ca02c
1100,espacio_verde,Parque de la Memoria,-34.54111071494445,-58.4377527907825,#2ca02c
1101,espacio_verde,Ciudad Universitaria,-34.54117300680101,-58.443871925194756,#2ca02c
1102,espacio_verde,Plaza del Ángel Gris,-34.62206848938367,-58.45657834781313,#2ca02c
1103,espacio_verde,Pcia. de Corrientes,-34.619110106758406,-58.38084461497629,#2ca02c
1104,espacio_verde,Av. 9 de Julio,-34.61808635852825,-58.38124469806324,#2ca02c
1105,espacio_verde,Pcia. de Chubut,-34.615853427674566,-58.38096006473429,#2ca02c
1106,espacio_verde,Pcia. de Entre Ríos,-34.61473881138144,-58.38100291467465,#2ca02c
1107,espacio_verde,Pcia. de Formosa,-34.61366941164039,-58.38110190650065,#2ca02c
1108,espacio_verde,Pcia. de Jujuy,-34.61253507675535,-58.38095242846235,#2ca02c
1109,espacio_verde,Pcia. de San Juan,-34.60184303897541,-58.381642133945896,#2ca02c
1110,espacio_verde,Pcia. de San Luis,-34.6007920913648,-58.38168219488576,#2ca02c
1111,espacio_verde,Pcia. de Santa Cruz,-34.59978859215181,-58.38189640225808,#2ca02c
1112,espacio_verde,Pcia. de Santa Fe,-34.59843092189357,-58.381962879042334,#2ca02c
1113,espacio_verde,Pcia. de Santiago del Estero,-34.597335275067756,-58.38213802681325,#2ca02c
1114,espacio_verde,Pcia. de Tucumán,-34.596085455956526,-58.381946402736,#2ca02c
1115,espacio_verde,Plaza Santos Dumont,-34.57612644625252,-58.44244940872832,#2ca02c
1116,espacio_verde,Plaza Boedo,-34.62249533465695,-58.41274670498211,#2ca02c
1117,espacio_verde,Plaza Intendente Casares,-34.58384809795157,-58.41657515468438,#2ca02c
1118,espacio_verde,Carlos Thays (Jardín Botánico),-34.582518792858664,-58.41728407092949,#2ca02c
1119,espacio_verde,Gral. Francisco Ramírez // Pita y Pedernera,-34.578386049531225,-58.418700034214424,#2ca02c
1120,espacio_verde,Plaza Jacarandá,-34.576143253627386,-58.4315677514929,#2ca02c
1121,espacio_verde,Patio Porteño Niceto Vega,-34.589245690458704,-58.43539261422341,#2ca02c
1122,espacio_verde,Madre Teresa de Calcuta,-34.574752568163646,-58.424692608337864,#2ca02c
1123,espacio_verde,Bosque Alegre (Depvo. M. Belgrano),-34.56954522063302,-58.403046585389944,#2ca02c
1124,espacio_verde,Comod. Pedro Zanni,-34.55108445617709,-58.43207357418498,#2ca02c
1125,espacio_verde,Espacio verde 1125,-34.598572344398086,-58.36915421356314,#2ca02c
1126,espacio_verde,Héctor Oesterheld,-34.60795928582572,-58.36008431167266,#2ca02c
1127,espacio_verde,Plaza de la Shoá,-34.570434839245806,-58.4220999015061,#2ca02c
1128,espacio_verde,Pque. Polidep. Pdte. Julio A. Roca,-34.67480211991418,-58.44132978982508,#2ca02c
1129,espacio_verde,Cantero Av 27 de Febrero (y AU. Cámpora),-34.67385305616314,-58.435588110314455,#2ca02c
1130,espacio_verde,Espacio verde 1130,-34.66840779288132,-58.433424853627656,#2ca02c
1131,espacio_verde,Cantero Av 27 de Febrero (y Pergamino),-34.67032956030417,-58.432699808814554,#2ca02c
1132,espacio_verde,Barrio Municipal Soldati,-34.66665747921708,-58.444834233078545,#2ca02c
1133,espacio_verde,Parque Colón,-34.60771614753832,-58.36915025990327,#2ca02c
1134,espacio_verde,Plaza Israel,-34.560561632931964,-58.426484903086966,#2ca02c
1135,espacio_verde,Buenos Aires Polo Circo,-34.6282289039363,-58.39304624040594,#2ca02c
1136,espacio_verde,Espacio verde 1136,-34.658661588972095,-58.46583060269654,#2ca02c
1137,espacio_verde,Espacio verde 1137,-34.6663124055035,-58.45182312402705,#2ca02c
1138,espacio_verde,Espacio verde 1138,-34.670027877714546,-58.455518361898484,#2ca02c
1139,espacio_verde,Monumento al Gral. Urquiza,-34.57169957890465,-58.41198815405192,#2ca02c
1140,espacio_verde,Paseo de Versalles,-34.6301398895782,-58.52394865775401,#2ca02c
1141,espacio_verde,Gral. Juan J. Valle,-34.55007479816596,-58.45031235638798,#2ca02c
1142,espacio_verde,Plaza Alexander Fleming / Luis Alberto Spinetta,-34.55013388698615,-58.45024311297906,#2ca02c
1143,espacio_verde,Plaza República de Haití,-34.56767073429668,-58.420638349196174,#2ca02c
1144,espacio_verde,Plaza República de Serbia,-34.5665392658788,-58.41882598152157,#2ca02c
1145,espacio_verde,Espacio verde 1145,-34.56566937594737,-58.419987222075626,#2ca02c
1146,espacio_verde,Espacio verde 1146,-34.566019941854194,-58.42023884085054,#2ca02c
1147,espacio_verde,Espacio verde 1147,-34.566287181987484,-58.42039931355618,#2ca02c
1148,espacio_verde,Espacio verde 1148,-34.56640222149005,-58.41836931465656,#2ca02c
1149,espacio_verde,Espacio verde 1149,-34.56822125407459,-58.41637318307394,#2ca02c
1150,espacio_verde,Espacio verde 1150,-34.56796151046728,-58.41664662579061,#2ca02c
1151,espacio_verde,Espacio verde 1151,-34.56766509847312,-58.416791848719356,#2ca02c
1152,espacio_verde,Espacio verde 1152,-34.56724504256968,-58.417007042357056,#2ca02c
1153,espacio_verde,Espacio verde 1153,-34.5657669578706,-58.4192527618846,#2ca02c
1154,espacio_verde,Parque Agustín P. Justo,-34.56934287266121,-58.413992897677446,#2ca02c
1155,espacio_verde,Espacio verde 1155,-34.59886962249763,-58.36874985711535,#2ca02c
1156,espacio_verde,Espacio verde 1156,-34.59981665377529,-58.36837487273383,#2ca02c
1157,espacio_verde,Espacio verde 1157,-34.601051003792534,-58.36801446608623,#2ca02c
1158,espacio_verde,Espacio verde 1158,-34.602225002371384,-58.36765909880163,#2ca02c
1159,espacio_verde,Espacio verde 1159,-34.60769105982758,-58.36714112061649,#2ca02c
1160,espacio_verde,Parque Pioneros de la Antártida Argentina,-34.5604868287932,-58.50387555246289,#2ca02c
1161,espacio_verde,Espacio verde 1161,-34.56937810793022,-58.420745851176214,#2ca02c
1162,espacio_verde,Espacio verde 1162,-34.56950477888688,-58.42064641952902,#2ca02c
1163,espacio_verde,Espacio verde 1163,-34.56963834950916,-58.420540301156095,#2ca02c
1164,espacio_verde,Espacio verde 1164,-34.653282398686756,-58.45608335719503,#2ca02c
1165,espacio_verde,Espacio verde 1165,-34.6519089658709,-58.4547870742819,#2ca02c
1166,espacio_verde,Espacio verde 1166,-34.659954780458364,-58.46417942287887,#2ca02c
1167,espacio_verde,Espacio verde 1167,-34.6671253499319,-58.466708679767436,#2ca02c
1168,espacio_verde,Espacio verde 1168,-34.66588617724286,-58.45071949291963,#2ca02c
1169,espacio_verde,Espacio verde 1169,-34.665458347372315,-58.44949234579034,#2ca02c
1170,espacio_verde,Espacio verde 1170,-34.66973489074606,-58.44472157590745,#2ca02c
1171,espacio_verde,Isla Deportiva Pque Centenario,-34.608487491643174,-58.4364158595546,#2ca02c
1172,espacio_verde,Parque de Flora Nativa Benito Quinquela Martin,-34.63223083527126,-58.36728612464029,#2ca02c
1173,espacio_verde,Patio Salguero,-34.60141733275572,-58.41886218201447,#2ca02c
1174,espacio_verde,Plaza Gumersindo González,-34.633428351960276,-58.37833699137497,#2ca02c
1175,espacio_verde,Plaza Poeta Ricardo E. Lleras,-34.63537212915056,-58.37777834396313,#2ca02c
1176,espacio_verde,Espacio verde 1176,-34.64128312862203,-58.375767284248845,#2ca02c
1177,espacio_verde,Espacio verde 1177,-34.64094696053734,-58.37669453347908,#2ca02c
1178,espacio_verde,Plaza Ángel Villoldo,-34.649118209121205,-58.3743636946151,#2ca02c
1179,espacio_verde,Plaza Sergio Karakachoff,-34.63895691382776,-58.37663143163202,#2ca02c
1180,espacio_verde,Espacio verde 1180,-34.59731475805907,-58.52096306570101,#2ca02c
1181,espacio_verde,Espacio verde 1181,-34.68116834999742,-58.46746364910201,#2ca02c
1182,espacio_verde,Plazoleta Camila E. Arjona,-34.68156380992532,-58.4676323597852,#2ca02c
1183,espacio_verde,Plaza José Martí,-34.68141004441274,-58.46615105589185,#2ca02c
1184,espacio_verde,Plaza Nunca Más,-34.580403216917276,-58.50309959503459,#2ca02c
1185,espacio_verde,Espacio verde 1185,-34.66221579025723,-58.46912808547339,#2ca02c
1186,espacio_verde,Espacio verde 1186,-34.65635942060473,-58.46006139134838,#2ca02c
1187,espacio_verde,Espacio verde 1187,-34.6623861049521,-58.466880017668096,#2ca02c
1188,espacio_verde,Espacio verde 1188,-34.65717682236158,-58.46072618371012,#2ca02c
1189,espacio_verde,Espacio verde 1189,-34.65665664542737,-58.46090122160998,#2ca02c
1190,espacio_verde,Espacio verde 1190,-34.65712001531238,-58.46049580602346,#2ca02c
1191,espacio_verde,Plaza Jorge Casal,-34.57361274516331,-58.48651628443502,#2ca02c
1192,espacio_verde,Espacio verde 1192,-34.53510100216089,-58.46085459103071,#2ca02c
1193,espacio_verde,Espacio verde 1193,-34.5530523900793,-58.48772425902462,#2ca02c
1194,espacio_verde,Plazoleta Héroes de la Reconquista,-34.58744685177228,-58.4545402359747,#2ca02c
1195,espacio_verde,Espacio verde 1195,-34.58830888147446,-58.45209671358974,#2ca02c
1196,espacio_verde,Espacio verde 1196,-34.587891826234475,-58.45319448388898,#2ca02c
1197,espacio_verde,Parque Santojanni,-34.647471766446124,-58.513684667670404,#2ca02c
1198,espacio_verde,Pque. Depvo. Onega,-34.59444984791729,-58.51440664717295,#2ca02c
1199,espacio_verde,Parque Eva Duarte de Perón,-34.61884084999512,-58.35868364797663,#2ca02c
1200,espacio_verde,Osvaldo Soriano,-34.63482964597888,-58.42489086976865,#2ca02c
1201,espacio_verde,Dr. Samuel Bender,-34.65585961841484,-58.52354936780791,#2ca02c
1202,espacio_verde,Espacio verde 1202,-34.655652432493945,-58.523113092685534,#2ca02c
1203,espacio_verde,Buque Principessa Mafalda,-34.588382412237394,-58.37207359557545,#2ca02c
1204,espacio_verde,Isidoro Gil - Paseo de los Vecinos Destacados de Villa Devoto Comuna 11,-34.60041311674514,-58.51132040961304,#2ca02c
1205,espacio_verde,María Isabel Aveleyra - Paseo de los Vecinos Destacados de Villa Devoto Comuna 11,-34.60111098808492,-58.510689266413415,#2ca02c
1206,espacio_verde,Onorio Stoppani - Paseo de los Vecinos Destacados de Villa Devoto Comuna 11,-34.601854410001074,-58.5100150124367,#2ca02c
1207,espacio_verde,Angélica Rojas - Paseo de los Vecinos Destacados de Villa Devoto Comuna 11,-34.603316333881835,-58.50869557162854,#2ca02c
1208,espacio_verde,Lorenzo Stanchina - Paseo de los Vecinos Destacados de Villa Devoto Comuna 11,-34.60413693358308,-58.50796082367617,#2ca02c
1209,espacio_verde,Filomena Devoto de Devoto - Paseo de los Vecinos Destacados de Villa Devoto Comuna 11,-34.60502995977906,-58.50715222072967,#2ca02c
1210,espacio_verde,13 de Abril de 1889 - Paseo de los Vecinos Destacados de Villa Devoto Comuna 11,-34.60597957043615,-58.50630041228388,#2ca02c
1211,espacio_verde,Espacio verde 1211,-34.57838346332843,-58.49584247397094,#2ca02c
1212,espacio_verde,Espacio verde 1212,-34.5776687918284,-58.494535821772615,#2ca02c
1213,espacio_verde,Espacio verde 1213,-34.576974210870944,-58.49326970082722,#2ca02c
1214,espacio_verde,Espacio verde 1214,-34.57637448553749,-58.49218075918172,#2ca02c
1215,espacio_verde,Espacio verde 1215,-34.57455459325697,-58.48886360814112,#2ca02c
1216,espacio_verde,Espacio verde 1216,-34.573986704143536,-58.48782396327823,#2ca02c
1217,espacio_verde,Espacio verde 1217,-34.5733293439343,-58.48662755421296,#2ca02c
1218,espacio_verde,Espacio verde 1218,-34.57268988446914,-58.48546445265273,#2ca02c
1219,espacio_verde,Espacio verde 1219,-34.57577569716697,-58.49108506067705,#2ca02c
1220,espacio_verde,Espacio verde 1220,-34.57517249096551,-58.48998985344962,#2ca02c
1221,espacio_verde,Jardín Japonés,-34.575190625113315,-58.409295186940675,#2ca02c
1222,espacio_verde,Plaza Sicilia,-34.57453695036981,-58.41178394034785,#2ca02c
1223,espacio_verde,Espacio verde 1223,-34.65503503192392,-58.453904021993864,#2ca02c
1224,espacio_verde,Espacio verde 1224,-34.65345012590207,-58.45405124536659,#2ca02c
1225,espacio_verde,Espacio verde 1225,-34.655025459568165,-58.45200056716079,#2ca02c
1226,espacio_verde,Espacio verde 1226,-34.65687137782613,-58.44002968904901,#2ca02c
1227,espacio_verde,Plazoleta Padre Rodolfo Ricciardelli,-34.65067729408473,-58.43222160400651,#2ca02c
1228,espacio_verde,Corredor Saludable Perito Moreno,-34.650855540262434,-58.43759012884406,#2ca02c
1229,espacio_verde,Plaza Delfo Cabrera,-34.63512073332542,-58.50803395118599,#2ca02c
1230,espacio_verde,Plazoleta Presidente Doctor Arturo Frondizi,-34.635620212117225,-58.507080416674015,#2ca02c
1231,espacio_verde,Plaza Las Toscaneras de Villa Real,-34.61650015507807,-58.5253357863355,#2ca02c
1232,espacio_verde,Alcira de la Peña,-34.6167795671978,-58.361917031373146,#2ca02c
1233,espacio_verde,Plazoleta Carlos Jáuregui,-34.62375027711799,-58.39046671670343,#2ca02c
1234,espacio_verde,Plaza Chapatín - Patio Recreativo,-34.65038871943043,-58.44134216810346,#2ca02c
1235,espacio_verde,Anfiteatro Niní Marshall,-34.61779712220016,-58.3572413612468,#2ca02c
1236,espacio_verde,María Luisa Bemberg,-34.62173556491155,-58.37302824207622,#2ca02c
1237,espacio_verde,Luca Prodan,-34.58635504100657,-58.43058889846685,#2ca02c
1238,espacio_verde,Tomás Katari,-34.653515289101975,-58.431832892712464,#2ca02c
1239,espacio_verde,Dúo Gardel-Razzano,-34.636246679304406,-58.452911741929476,#2ca02c
1240,espacio_verde,Plaza Lic. Carlos Campelo,-34.564989728212964,-58.47550294457181,#2ca02c
1241,espacio_verde,Plaza Estación Coghlan,-34.565830619304634,-58.47469784203551,#2ca02c
1242,espacio_verde,Plaza Julio César Fumarola,-34.608074360367034,-58.4111750655523,#2ca02c
1243,espacio_verde,Plaza Dr. Esteban L. Maradona,-34.58858992672688,-58.43781702848085,#2ca02c
1244,espacio_verde,Plaza Paseo de la Vida Dr. René Favaloro,-34.61874442364533,-58.443226029677106,#2ca02c
1245,espacio_verde,Tato Bores,-34.55927008851669,-58.42762930252946,#2ca02c
1246,espacio_verde,Plaza Fray Mocho,-34.55862876204438,-58.42904932832041,#2ca02c
1247,espacio_verde,Higinio Cazón,-34.579159449458274,-58.487239694031956,#2ca02c
1248,espacio_verde,Carlos Carboni,-34.57874230048834,-58.486509425226465,#2ca02c
1249,espacio_verde,Pacífico Víctor Lambertucci,-34.57807461226872,-58.48533497692907,#2ca02c
1250,espacio_verde,Héctor Félix Arata,-34.57751014489061,-58.484345197795875,#2ca02c
1251,espacio_verde,Enrique Delfino,-34.576942106646726,-58.48334380581899,#2ca02c
1252,espacio_verde,Paseo Juan A. Pirker,-34.639894094260846,-58.44807884306579,#2ca02c
1253,espacio_verde,Elías Cárpena,-34.63786238416656,-58.4509238546879,#2ca02c
1254,espacio_verde,Plaza Rosa Lamorte de Lombardo,-34.65153282269369,-58.42785729049136,#2ca02c
1255,espacio_verde,Itzhak Rabin,-34.59222233043524,-58.382029874325895,#2ca02c
1256,espacio_verde,Ing. Carlos M. Della Paolera,-34.59222053276518,-58.38175834445588,#2ca02c
1257,espacio_verde,Espacio verde 1257,-34.63774937120323,-58.36480323777959,#2ca02c
1258,espacio_verde,Espacio verde 1258,-34.63763364151677,-58.364342479069826,#2ca02c
1259,espacio_verde,Brigadier Estanislao López,-34.6375218460395,-58.364018414396114,#2ca02c
1260,espacio_verde,Plaza Juan Tronconi,-34.654230921780254,-58.419138015490674,#2ca02c
1261,espacio_verde,Plaza Bosque Homenaje a las víctimas de Cromañón,-34.56123012163,-58.42134506894563,#2ca02c
1262,espacio_verde,Plaza Monte Castro,-34.61807818247883,-58.49751370647126,#2ca02c
1263,espacio_verde,Plaza 29 de Diciembre de 2001,-34.61775867460729,-58.496624470941384,#2ca02c
1264,espacio_verde,Plaza Holanda,-34.572008045012424,-58.4193739237637,#2ca02c
1265,espacio_verde,Jardín de los Poetas (Plaza Holanda),-34.57143047924355,-58.416786883403674,#2ca02c
1266,espacio_verde,El Rosedal (Plaza Holanda),-34.57121948384919,-58.4172067683099,#2ca02c
1267,espacio_verde,Región Basilicata,-34.66478903927773,-58.50285867436387,#2ca02c
1268,espacio_verde,Francisco Alejandro Mohr,-34.664179962160304,-58.502119725700226,#2ca02c
1269,espacio_verde,María Raggio de Battini,-34.6634157169907,-58.50119936969616,#2ca02c
1270,espacio_verde,Padre Fernando Endorcia,-34.662809147690346,-58.50047209821561,#2ca02c
1271,espacio_verde,José Damés,-34.6515571356536,-58.41929848940851,#2ca02c
1272,espacio_verde,Dr. Florencio Escardó,-34.59493420119376,-58.41246941139636,#2ca02c
1273,espacio_verde,Plaza San Cayetano de Liniers,-34.63449807398706,-58.528552654258014,#2ca02c
1274,espacio_verde,Aviso A.R.A. Alférez Sobral,-34.56115925551782,-58.44379493457985,#2ca02c
1275,espacio_verde,Eduardo Olivera,-34.56169343239542,-58.44468543173538,#2ca02c
1276,espacio_verde,Luis Perlotti,-34.61586899789176,-58.448805739775324,#2ca02c
1277,espacio_verde,Plaza Abanderada de los Humildes,-34.67889722701394,-58.49175490740759,#2ca02c
1278,espacio_verde,Espacio verde 1278,-34.6573686046112,-58.42348852711617,#2ca02c
1279,espacio_verde,Patio Radioaficionados Voluntarios Veteranos de Guerra (P. Chacabuco),-34.6343262201451,-58.44597821492929,#2ca02c
1280,espacio_verde,Plaza Catalinas Sur,-34.62839243770231,-58.36353244373526,#2ca02c
1281,espacio_verde,Cooperadoras Escolares,-34.65514028897608,-58.52622034400294,#2ca02c
1282,espacio_verde,Plaza Jaime Yankelevich,-34.63633707200663,-58.370872971177384,#2ca02c
1283,espacio_verde,Plaza 18 de Diciembre de 1872,-34.643797342657486,-58.528969087328406,#2ca02c
1284,espacio_verde,Espacio verde 1284,-34.64993637401044,-58.4668849973933,#2ca02c
1285,espacio_verde,Espacio verde 1285,-34.64947200736488,-58.466016614829954,#2ca02c
1286,espacio_verde,Espacio verde 1286,-34.65034955528965,-58.466708817175764,#2ca02c
1287,espacio_verde,Espacio verde 1287,-34.6508271211231,-58.46678366097411,#2ca02c
1288,espacio_verde,Espacio verde 1288,-34.649107261875876,-58.46586145942105,#2ca02c
1289,espacio_verde,Espacio verde 1289,-34.65105288595817,-58.466472818653706,#2ca02c
1290,espacio_verde,Plaza Guillermo y Alfredo Barbieri,-34.640317562215394,-58.39938685005484,#2ca02c
1291,espacio_verde,Mario Jorge de Lellis,-34.61104608432771,-58.42308022060846,#2ca02c
1292,espacio_verde,Ramón Vázquez,-34.651768381160664,-58.45990630399242,#2ca02c
1293,espacio_verde,Paseo Guardavidas Argentinos,-34.61673383883381,-58.35591238179569,#2ca02c
1294,espacio_verde,Germán Rozenmacher - Paseo de las Artes Latinoamericanas,-34.59844529880659,-58.51073930287799,#2ca02c
1295,espacio_verde,Pablo Neruda - Paseo de las Artes Latinoamericanas,-34.600305994947924,-58.51375626848543,#2ca02c
1296,espacio_verde,Hugo del Carril - Paseo de las Artes Latinoamericanas,-34.60108585247614,-58.51502016011319,#2ca02c
1297,espacio_verde,Ezequiel M. Estrada - Paseo de las Artes Latinoamericanas,-34.60187003152791,-58.51628903767314,#2ca02c
1298,espacio_verde,César Vallejo - Paseo de las Artes Latinoamericanas,-34.6024557503774,-58.517246490498486,#2ca02c
1299,espacio_verde,Diego Rivera - Paseo de las Artes Latinoamericanas,-34.60499953683084,-58.521363333264446,#2ca02c
1300,espacio_verde,Leonie Mathis - Paseo de las Artes Latinoamericanas,-34.60647466041231,-58.52370444645195,#2ca02c
1301,espacio_verde,Vinicius de Moraes - Paseo de las Artes Latinoamericanas,-34.60708664136021,-58.52459953102998,#2ca02c
1302,espacio_verde,Victor Jara - Paseo de las Artes Latinoamericanas,-34.60793725181367,-58.525848627497716,#2ca02c
1303,espacio_verde,Violeta Parra - Paseo de las Artes Latinoamericanas,-34.608665052017514,-58.526914162092886,#2ca02c
1304,espacio_verde,Antoine Saint-Exupery,-34.62882946166621,-58.42844782839875,#2ca02c
1305,espacio_verde,Paseo Peatonal Costero Dip. Nac. Carlos Bello,-34.638901371149764,-58.358226536252396,#2ca02c
1306,espacio_verde,Paseo Alfredo Zitarrosa,-34.558245951177526,-58.4092883645363,#2ca02c
1307,espacio_verde,Plazoleta John Malcolm,-34.59281878361963,-58.43563519266468,#2ca02c
1308,espacio_verde,Espacio verde 1308,-34.5541608978308,-58.41872610732737,#2ca02c
1309,espacio_verde,Espacio verde 1309,-34.55476394174959,-58.41651340707554,#2ca02c
1310,espacio_verde,Plazoleta Blas Parera (no oficial),-34.592707324538594,-58.389098086671005,#2ca02c
1311,espacio_verde,Plaza República Árabe de Egipto,-34.570822151219694,-58.41013591157484,#2ca02c
1312,espacio_verde,Lago de Regatas Ernesto Jaimovich,-34.55887882721081,-58.43195115417192,#2ca02c
1313,espacio_verde,Plazoleta Nelly Nistal,-34.65061660087068,-58.41827457676094,#2ca02c
1314,espacio_verde,Padre Jorge Vernazza,-34.6507431599755,-58.44529604045646,#2ca02c
1315,espacio_verde,Plaza Pirillo,-34.64885985502707,-58.44025467477873,#2ca02c
1316,espacio_verde,Cancha de Fútbol Barrio Rivadavia,-34.646087909245395,-58.44019921825152,#2ca02c
1317,espacio_verde,Plaza Barrio Rivadavia,-34.64501479812031,-58.44109858793996,#2ca02c
1318,espacio_verde,Espacio verde 1318,-34.64383991489634,-58.44303184140157,#2ca02c
1319,espacio_verde,Centro Recreativo Deportivo Villa 15,-34.67277030160991,-58.49097226471292,#2ca02c
1320,espacio_verde,Plaza Villa Machete - Patio Inclusivo,-34.6703246653345,-58.49388794811579,#2ca02c
1321,espacio_verde,Lucio Demare,-34.54528167317936,-58.46521298749267,#2ca02c
1322,espacio_verde,Lucila Yaconis,-34.54371054867868,-58.464212174799165,#2ca02c
1323,espacio_verde,Plaza Barrio Nuevo - Patio Inclusivo,-34.65514135612139,-58.40190218849754,#2ca02c
1324,espacio_verde,Plaza Espora,-34.65683675017904,-58.401556769035096,#2ca02c
1325,espacio_verde,Cancha NHT Zavaleta,-34.65034768278534,-58.403777191800195,#2ca02c
1326,espacio_verde,Espacio verde 1326,-34.65604951789087,-58.40073932070508,#2ca02c
1327,espacio_verde,Plaza Bichito de Luz,-34.582112340642986,-58.381828040216256,#2ca02c
1328,espacio_verde,Cancha 7,-34.58056640178168,-58.38368835219399,#2ca02c
1329,espacio_verde,Cancha 5 Guemes,-34.582800668535604,-58.37893554485367,#2ca02c
1330,espacio_verde,Cancha Tucumanos,-34.58212339926681,-58.38378275013971,#2ca02c
1331,espacio_verde,Cancha Chica,-34.58155258579468,-58.38489845595525,#2ca02c
1332,espacio_verde,Plaza Triángulo,-34.58110032287796,-58.38582125905772,#2ca02c
1333,espacio_verde,Cancha 9,-34.579172382575074,-58.385070839443955,#2ca02c
1334,espacio_verde,Cancha Luján,-34.580512253512794,-58.38745839141824,#2ca02c
1335,espacio_verde,Cancha de Fútbol Manzana 32,-34.583148937034295,-58.380199340713254,#2ca02c
1336,espacio_verde,María Esther de Miguel,-34.60492607071862,-58.362526651814164,#2ca02c
1337,espacio_verde,Silvina Ocampo,-34.60500093853285,-58.36389062320113,#2ca02c
1338,espacio_verde,Sebastián Borro,-34.66112654232333,-58.50115690657184,#2ca02c
1339,espacio_verde,Dr. Emilio J. Hardoy,-34.588101366319286,-58.39037120444712,#2ca02c
1340,espacio_verde,Plaza El Maestro - Ravignani,-34.61278575444385,-58.522615674793826,#2ca02c
1341,espacio_verde,Pque. Natural Lago Lugano,-34.67940895113128,-58.44537369950544,#2ca02c
1342,espacio_verde,Parque de las Ciencias,-34.58212632057919,-58.42939861105752,#2ca02c
1343,espacio_verde,Plaza de la Ciencia,-34.58220499295728,-58.42849362298226,#2ca02c
1344,espacio_verde,Plaza Monroe,-34.56874554235937,-58.47774957086569,#2ca02c
1345,espacio_verde,Plaza República de México,-34.55405544117487,-58.43525202487034,#2ca02c
1346,espacio_verde,Espacio verde 1346,-34.61730496923149,-58.37014396169385,#2ca02c
1347,espacio_verde,Paseo Aníbal Troilo - Pichuco,-34.60438078684159,-58.38016482797042,#2ca02c
1348,espacio_verde,Gabriela Laperriére de Coni,-34.621459506103896,-58.359814467036536,#2ca02c
1349,espacio_verde,Espacio verde 1349,-34.58926865895598,-58.40000960122114,#2ca02c
1350,espacio_verde,Plazoleta de JAE,-34.59118692049334,-58.40258649785659,#2ca02c
1351,espacio_verde,Plazoleta D'espósito - Maestro Quinquela (no oficial),-34.62610848567261,-58.363299393714925,#2ca02c
1352,espacio_verde,Centro Médico Boca Juniors,-34.63082996083649,-58.3643137706664,#2ca02c
1353,espacio_verde,Espacio verde 1353,-34.63149677813268,-58.36345360024505,#2ca02c
1354,espacio_verde,Cancha auxiliar abierta - Club Atl. Boca Juniors,-34.63215227755669,-58.36421258073907,#2ca02c
1355,espacio_verde,Cancha auxiliar abierta anexa - Club Atl. Boca Juniors,-34.63156284440373,-58.36510355037397,#2ca02c
1356,espacio_verde,Plaza Canchita Catalinas,-34.62697562738488,-58.36434389320168,#2ca02c
1357,espacio_verde,Espacio verde 1357,-34.64781743645955,-58.37469034846867,#2ca02c
1358,espacio_verde,Espacio verde 1358,-34.64617269769219,-58.37543516953496,#2ca02c
1359,espacio_verde,Espacio verde 1359,-34.64529292172076,-58.375006499612866,#2ca02c
1360,espacio_verde,Espacio verde 1360,-34.64297743241764,-58.375570057019885,#2ca02c
1361,espacio_verde,Espacio verde 1361,-34.64238849868271,-58.37563672738129,#2ca02c
1362,espacio_verde,Espacio verde 1362,-34.64311872179656,-58.376229899882134,#2ca02c
1363,espacio_verde,Espacio verde 1363,-34.64255925155158,-58.37638689284509,#2ca02c
1364,espacio_verde,Plazoleta Terraplén,-34.633538721332286,-58.35875408099363,#2ca02c
1365,espacio_verde,Espacio verde 1365,-34.64160192995346,-58.365735456528114,#2ca02c
1366,espacio_verde,Espacio verde 1366,-34.6331285813173,-58.38345546026673,#2ca02c
1367,espacio_verde,Espacio verde 1367,-34.656434120493515,-58.37845538769987,#2ca02c
1368,espacio_verde,Espacio verde 1368,-34.626691638320466,-58.37176996434991,#2ca02c
1369,espacio_verde,Espacio verde 1369,-34.626762840262295,-58.373195710126765,#2ca02c
1370,espacio_verde,Espacio verde 1370,-34.62679185245025,-58.37422944668507,#2ca02c
1371,espacio_verde,Espacio verde 1371,-34.627027145667256,-58.375044727984054,#2ca02c
1372,espacio_verde,Espacio verde 1372,-34.62756950441794,-58.37606587735556,#2ca02c
1373,espacio_verde,Espacio verde 1373,-34.628179482119535,-58.37718969758864,#2ca02c
1374,espacio_verde,Plazoleta 11 de Noviembre de 1859,-34.63483043894098,-58.463536294607586,#2ca02c
1375,espacio_verde,Plaza Madre Ana María Mogas - Sector Parque Santojanni,-34.6496532605952,-58.51617221264274,#2ca02c
1376,espacio_verde,Plazoleta Cafayate (No Oficial),-34.68805072670903,-58.46399814494242,#2ca02c
1377,espacio_verde,Espacio verde 1377,-34.63713692766224,-58.3982535476395,#2ca02c
1378,espacio_verde,Espacio verde 1378,-34.63951702122205,-58.39731624167733,#2ca02c
1379,espacio_verde,Espacio verde 1379,-34.62883824324586,-58.400874414056744,#2ca02c
1380,espacio_verde,Rivera 27 de Febrero,-34.66057080223646,-58.421138088536935,#2ca02c
1381,espacio_verde,Espacio verde 1381,-34.63771701301598,-58.364490128693504,#2ca02c
1382,espacio_verde,Plaza Vespucio,-34.64552987595906,-58.36315592797418,#2ca02c
1383,espacio_verde,Plazoleta Paseo de la Victoria,-34.6149644183375,-58.42808174690055,#2ca02c
1384,espacio_verde,Parque Lineal Medrano,-34.609683255075396,-58.42095320791354,#2ca02c
1385,espacio_verde,Jardín de Colombres,-34.63412259577502,-58.41677127058792,#2ca02c
1386,espacio_verde,Plaza del Caballito,-34.61940628832121,-58.443365691780876,#2ca02c
1387,espacio_verde,Patio de los Lecheros,-34.6234289546112,-58.45477550661779,#2ca02c
1388,espacio_verde,Plazoleta Venancio Flores,-34.62967380867735,-58.47251046678946,#2ca02c
1389,espacio_verde,Espacio verde 1389,-34.63877116323678,-58.4652669508138,#2ca02c
1390,espacio_verde,Espacio verde 1390,-34.63667954333409,-58.436541198995144,#2ca02c
1391,espacio_verde,Plaza Ana Díaz,-34.68241861053009,-58.467574680377886,#2ca02c
1392,espacio_verde,Plaza Piedra Buena y Saraza - De los Vecinos (No oficial),-34.677420824915515,-58.48798976115966,#2ca02c
1393,espacio_verde,Descanso del Peregrino,-34.66123351038827,-58.44776549240895,#2ca02c
1394,espacio_verde,Plaza Nuestra Señora de Fátima,-34.660820145370735,-58.44744589000047,#2ca02c
1395,espacio_verde,Espacio verde 1395,-34.673605992619464,-58.495230388896275,#2ca02c
1396,espacio_verde,Espacio verde 1396,-34.68121397720054,-58.480034208056864,#2ca02c
1397,espacio_verde,Auditorio Eva Perón - Anfiteatro Parque Centenario,-34.60589903872857,-58.43685346363843,#2ca02c
1398,espacio_verde,Espacio verde 1398,-34.66507610756446,-58.448351667264475,#2ca02c
1399,espacio_verde,Espacio verde 1399,-34.65714485439608,-58.44932971050349,#2ca02c
1400,espacio_verde,Espacio verde 1400,-34.66772586230791,-58.437367889589694,#2ca02c
1401,espacio_verde,Espacio verde 1401,-34.66839407774948,-58.43621158992322,#2ca02c
1402,espacio_verde,Espacio verde 1402,-34.66917827326359,-58.43485186211369,#2ca02c
1403,espacio_verde,Espacio verde 1403,-34.67443306502496,-58.49353836795955,#2ca02c
1404,espacio_verde,Espacio verde 1404,-34.654945788024264,-58.444038594558336,#2ca02c
1405,espacio_verde,Espacio verde 1405,-34.64219505372651,-58.483098408126196,#2ca02c
1406,espacio_verde,Espacio verde 1406,-34.64925577479499,-58.47495552822282,#2ca02c
1407,espacio_verde,Espacio verde 1407,-34.645364032059426,-58.48574008887425,#2ca02c
1408,espacio_verde,Plazoleta De la Amistad,-34.64087349260733,-58.49262589072353,#2ca02c
1409,espacio_verde,Espacio verde 1409,-34.63993250219665,-58.49264553030496,#2ca02c
1410,espacio_verde,Espacio verde 1410,-34.63486646883396,-58.527055061425635,#2ca02c
1411,espacio_verde,Espacio verde 1411,-34.62342349742564,-58.52312234877851,#2ca02c
1412,espacio_verde,Espacio verde 1412,-34.63252166225985,-58.48156057803506,#2ca02c
1413,espacio_verde,Espacio verde 1413,-34.61347045006168,-58.49320814625262,#2ca02c
1414,espacio_verde,Plazoleta Martín Pescador,-34.6116225415205,-58.49218476390456,#2ca02c
1415,espacio_verde,Espacio verde 1415,-34.60163467274865,-58.495468473638155,#2ca02c
1416,espacio_verde,Espacio verde 1416,-34.55877895018609,-58.49171728942554,#2ca02c
1417,espacio_verde,Espacio verde 1417,-34.595747641688035,-58.51065697329516,#2ca02c
1418,espacio_verde,Plaza 1 de Marzo de 1948,-34.559498370398174,-58.491390873981764,#2ca02c
1419,espacio_verde,Espacio verde 1419,-34.60137776850589,-58.49567311183768,#2ca02c
1420,espacio_verde,Plazoleta Arco Verde,-34.60946097199868,-58.49389852645749,#2ca02c
1421,espacio_verde,Jardín de Villa del Parque,-34.60894506584631,-58.49292566906558,#2ca02c
1422,espacio_verde,El Campito,-34.60280370835633,-58.5126515918796,#2ca02c
1423,espacio_verde,Espacio verde 1423,-34.60142545474551,-58.492069577611744,#2ca02c
1424,espacio_verde,Espacio verde 1424,-34.58113593242531,-58.5098904803283,#2ca02c
1425,espacio_verde,Espacio verde 1425,-34.58140014899114,-58.51343227830681,#2ca02c
1426,espacio_verde,Espacio verde 1426,-34.56749850477856,-58.47687861554801,#2ca02c
1427,espacio_verde,Plazoleta Combatiente de Malvinas,-34.573830009143265,-58.48044363458329,#2ca02c
1428,espacio_verde,Espacio verde 1428,-34.5631270826997,-58.48069003287387,#2ca02c
1429,espacio_verde,Espacio verde 1429,-34.566918568771534,-58.47919119848575,#2ca02c
1430,espacio_verde,Espacio verde 1430,-34.567301823085366,-58.47885741206327,#2ca02c
1431,espacio_verde,Espacio verde 1431,-34.567699194113445,-58.478458568366754,#2ca02c
1432,espacio_verde,Espacio verde 1432,-34.57945221679602,-58.49537304276013,#2ca02c
1433,espacio_verde,Espacio verde 1433,-34.578844376881975,-58.4960072064831,#2ca02c
1434,espacio_verde,Espacio verde 1434,-34.56996512589115,-58.47640870406582,#2ca02c
1435,espacio_verde,Espacio verde 1435,-34.56545463486202,-58.48059763043046,#2ca02c
1436,espacio_verde,Espacio verde 1436,-34.57502718309531,-58.47301181196741,#2ca02c
1437,espacio_verde,Plaza Arquitecto Juan Kurchan,-34.543209710443634,-58.43709804193214,#2ca02c
1438,espacio_verde,Plaza Ingeniero Antonio Vilar,-34.54789829756183,-58.4313129281454,#2ca02c
1439,espacio_verde,Plaza Arquitecto Alberto H. Prebisch,-34.54550925216674,-58.4315390705268,#2ca02c
1440,espacio_verde,Plaza Ingeniero José Luis Delpini,-34.54692455480495,-58.43128187037154,#2ca02c
1441,espacio_verde,Plaza Arquitecto Amancio Williams,-34.5506353319706,-58.43007870367505,#2ca02c
1442,espacio_verde,Plaza Arquitecto Wladimiro Acosta,-34.54347539631203,-58.437591849476874,#2ca02c
1443,espacio_verde,Plaza Arquitecto René Karman,-34.54441247311184,-58.43245104650785,#2ca02c
1444,espacio_verde,Plaza Arquitecto Alejandro Bustillo,-34.54330318680459,-58.43439271852909,#2ca02c
1445,espacio_verde,Espacio verde 1445,-34.57829376952106,-58.44113458166408,#2ca02c
1446,espacio_verde,Espacio verde 1446,-34.57775476261379,-58.44118496045805,#2ca02c
1447,espacio_verde,Plazoleta Zuberbuhler,-34.56943774749946,-58.458498304124184,#2ca02c
1448,espacio_verde,Espacio verde 1448,-34.58134098566909,-58.446909071106276,#2ca02c
1449,espacio_verde,Patio Del Niño,-34.54868272074426,-58.46301728028969,#2ca02c
1450,espacio_verde,Espacio verde 1450,-34.57049034907687,-58.39937789980184,#2ca02c
1451,espacio_verde,Espacio verde 1451,-34.571149117954015,-58.39980627221238,#2ca02c
1452,espacio_verde,Espacio verde 1452,-34.57038430544943,-58.398818335782295,#2ca02c
1453,espacio_verde,Espacio verde 1453,-34.570905880524194,-58.39967501859264,#2ca02c
1454,espacio_verde,Espacio verde 1454,-34.571154021716815,-58.399483080723094,#2ca02c
1455,espacio_verde,Espacio verde 1455,-34.571417030504186,-58.3987110902492,#2ca02c
1456,espacio_verde,Espacio verde 1456,-34.57352023450202,-58.418597231158834,#2ca02c
1457,espacio_verde,Espacio verde 1457,-34.570638784869885,-58.42381668490225,#2ca02c
1458,espacio_verde,Espacio verde 1458,-34.57559393019221,-58.406300148420904,#2ca02c
1459,espacio_verde,Patio Paraguay 5100 (No Oficial),-34.58013641901303,-58.430612997641866,#2ca02c
1460,espacio_verde,Espacio verde 1460,-34.578472027598956,-58.437593959352014,#2ca02c
1461,espacio_verde,Plazoleta Salvador Benedit,-34.60210398701688,-58.44252352862011,#2ca02c
1462,espacio_verde,Espacio verde 1462,-34.59222342238796,-58.473740211931506,#2ca02c
1463,espacio_verde,Espacio verde 1463,-34.59745180067017,-58.45302163725094,#2ca02c
1464,espacio_verde,Espacio verde 1464,-34.595749330911595,-58.47068504211019,#2ca02c
1465,espacio_verde,Patio Rincón de las Artes Ernesto Urfeig,-34.58303017064985,-58.448747392308526,#2ca02c
1466,espacio_verde,Espacio verde 1466,-34.5878354588214,-58.46795854008802,#2ca02c
1467,espacio_verde,Plazoleta Colectora (No oficial),-34.58814024654551,-58.51752677380427,#2ca02c
1468,espacio_verde,Espacio verde 1468,-34.67629613418245,-58.49720835658985,#2ca02c
1469,espacio_verde,Cancha Benjamín Soria (No Oficial),-34.67587195183925,-58.496504151792394,#2ca02c
1470,espacio_verde,Plaza Barrio Gral Manuel Savio,-34.68676932291621,-58.458986853124806,#2ca02c
1471,espacio_verde,Parque Elcano de Chacarita (no oficial),-34.586918610320694,-58.46191891710472,#2ca02c
1472,espacio_verde,Josefina Marpons,-34.61546511514915,-58.36206706880547,#2ca02c
1473,espacio_verde,Espacio verde 1473,-34.647537761731336,-58.50683645816836,#2ca02c
1474,espacio_verde,Espacio verde 1474,-34.64713151566256,-58.50733198234448,#2ca02c
1475,espacio_verde,Espacio verde 1475,-34.646424907957076,-58.50822663893636,#2ca02c
1476,espacio_verde,Espacio verde 1476,-34.64555373833086,-58.509362772360845,#2ca02c
1477,espacio_verde,Espacio verde 1477,-34.64464803595755,-58.510542563691764,#2ca02c
1478,espacio_verde,Ernestina Zela de Ruiz (denominación propuesta),-34.64374624933834,-58.511738096961864,#2ca02c
1479,espacio_verde,Plazoleta Arq. Padre Andrés Bianchi,-34.586947166451885,-58.391659131970606,#2ca02c
1480,espacio_verde,Espacio verde 1480,-34.62476379762647,-58.36229819651729,#2ca02c
1481,espacio_verde,Pompeya No Olvida - Plaza de la Memoria (no oficial),-34.65493746298853,-58.41352431252959,#2ca02c
1482,espacio_verde,Espacio verde 1482,-34.68858965935358,-58.46681739007665,#2ca02c
1483,espacio_verde,Espacio verde 1483,-34.6871618026991,-58.466640042741396,#2ca02c
1484,espacio_verde,Espacio verde 1484,-34.687643607291776,-58.466023261235755,#2ca02c
1485,espacio_verde,Espacio verde 1485,-34.68438762377732,-58.47109587269644,#2ca02c
1486,espacio_verde,Espacio verde 1486,-34.6846127600041,-58.470358203722675,#2ca02c
1487,espacio_verde,Espacio verde 1487,-34.685330733940496,-58.47123402722947,#2ca02c
1488,espacio_verde,Plaza Rumania,-34.599682361312,-58.48150069113007,#2ca02c
1489,espacio_verde,Espacio verde 1489,-34.68484757861833,-58.469524785114146,#2ca02c
1490,espacio_verde,Espacio verde 1490,-34.68609404424321,-58.470461058294255,#2ca02c
1491,espacio_verde,Espacio verde 1491,-34.68594344051835,-58.46975816220674,#2ca02c
1492,espacio_verde,Espacio verde 1492,-34.68644863852913,-58.46931314104559,#2ca02c
1493,espacio_verde,Espacio verde 1493,-34.68520607734595,-58.468878166799485,#2ca02c
1494,espacio_verde,Plaza Paso Bajo Nivel Beiró,-34.592948149972315,-58.4907923729788,#2ca02c
1495,espacio_verde,Plaza Crámer (No oficial),-34.574419990924724,-58.445204510111864,#2ca02c
1496,espacio_verde,Espacio verde 1496,-34.685559769180784,-58.4684154561895,#2ca02c
1497,espacio_verde,Espacio verde 1497,-34.68565111130227,-58.46901719664341,#2ca02c
1498,espacio_verde,Espacio verde 1498,-34.68715727834354,-58.4689856391892,#2ca02c
1499,espacio_verde,Espacio verde 1499,-34.68705098750695,-58.468230600549546,#2ca02c
1500,espacio_verde,Espacio verde 1500,-34.68794225343711,-58.46746390719992,#2ca02c
1501,espacio_verde,Espacio verde 1501,-34.68766486080432,-58.468303421874054,#2ca02c
1502,espacio_verde,Espacio verde 1502,-34.688194771364635,-58.465595197674325,#2ca02c
1503,espacio_verde,Espacio verde 1503,-34.68736533779966,-58.46593921079713,#2ca02c
1504,espacio_verde,Espacio verde 1504,-34.6870171647083,-58.46631656393897,#2ca02c
1505,espacio_verde,Espacio verde 1505,-34.68773435999242,-58.46652326433531,#2ca02c
1506,espacio_verde,Espacio verde 1506,-34.6895725058234,-58.46542615462233,#2ca02c
1507,espacio_verde,Espacio verde 1507,-34.68889638866782,-58.46433259391226,#2ca02c
1508,espacio_verde,Espacio verde 1508,-34.68886488973851,-58.465397389153765,#2ca02c
1509,espacio_verde,Espacio verde 1509,-34.68849273180115,-58.46480188911007,#2ca02c
1510,espacio_verde,Estación de FFCC Belgrano R,-34.568133366867556,-58.462471075151306,#2ca02c
1511,espacio_verde,Plaza Clemente,-34.581591728576576,-58.444255099630055,#2ca02c
1512,espacio_verde,Espacio verde 1512,-34.60712087725075,-58.446949004630376,#2ca02c
1513,espacio_verde,Plaza Ramón Carrillo (No Oficial),-34.655970800074485,-58.455600939229285,#2ca02c
1514,espacio_verde,Espacio verde 1514,-34.65751275911942,-58.44561114340373,#2ca02c
1515,espacio_verde,Espacio verde 1515,-34.65734771296622,-58.446762785069275,#2ca02c
1516,espacio_verde,Espacio verde 1516,-34.658707583733936,-58.448494681954514,#2ca02c
1517,espacio_verde,Espacio verde 1517,-34.664479824558946,-58.43498373491186,#2ca02c
1518,espacio_verde,Espacio verde 1518,-34.66557136281815,-58.43453851340842,#2ca02c
1519,espacio_verde,Espacio verde 1519,-34.66659336901451,-58.4339690306734,#2ca02c
1520,espacio_verde,Espacio verde 1520,-34.60867418320927,-58.36625802165186,#2ca02c
1521,espacio_verde,Espacio verde 1521,-34.61186343665447,-58.364958479670555,#2ca02c
1522,espacio_verde,Espacio verde 1522,-34.61175524384839,-58.36590852656167,#2ca02c
1523,espacio_verde,Espacio verde 1523,-34.612422775029295,-58.36593614542561,#2ca02c
1524,espacio_verde,Espacio verde 1524,-34.6105160755101,-58.36623173467435,#2ca02c
1525,espacio_verde,Espacio verde 1525,-34.61029109860424,-58.36626076226213,#2ca02c
1526,espacio_verde,Espacio verde 1526,-34.60939206135295,-58.366362637768056,#2ca02c
1527,espacio_verde,Espacio verde 1527,-34.59870374686064,-58.366959342845945,#2ca02c
1528,espacio_verde,Espacio verde 1528,-34.585878113341195,-58.376994163012384,#2ca02c
1529,espacio_verde,Espacio verde 1529,-34.59657639537053,-58.37111080454582,#2ca02c
1530,espacio_verde,Espacio verde 1530,-34.58490158920076,-58.37626423218144,#2ca02c
1531,espacio_verde,Espacio verde 1531,-34.59681742432863,-58.37037086854749,#2ca02c
1532,espacio_verde,Espacio verde 1532,-34.59608985526406,-58.370652169954774,#2ca02c
1533,espacio_verde,Espacio verde 1533,-34.59445404460818,-58.37268516054401,#2ca02c
1534,espacio_verde,Espacio verde 1534,-34.59519650283355,-58.372229441952406,#2ca02c
1535,espacio_verde,Espacio verde 1535,-34.61830938570135,-58.36523702473502,#2ca02c
1536,espacio_verde,Espacio verde 1536,-34.61768558016517,-58.36539613015673,#2ca02c
1537,espacio_verde,Espacio verde 1537,-34.617695436087395,-58.36347972471565,#2ca02c
1538,espacio_verde,Espacio verde 1538,-34.562515353882574,-58.43865982497525,#2ca02c
1539,espacio_verde,Espacio verde 1539,-34.55796730547173,-58.48455360360034,#2ca02c
1540,espacio_verde,Espacio verde 1540,-34.555848658822434,-58.48087633994618,#2ca02c
1541,espacio_verde,Espacio verde 1541,-34.684533617280934,-58.4645008080274,#2ca02c
1542,espacio_verde,Espacio verde 1542,-34.68443459818643,-58.46433445578723,#2ca02c
1543,espacio_verde,Espacio verde 1543,-34.685824768838074,-58.46300403642313,#2ca02c
1544,espacio_verde,Espacio verde 1544,-34.684539699383066,-58.46425859552497,#2ca02c
1545,espacio_verde,Espacio verde 1545,-34.684782440576065,-58.46447109707732,#2ca02c
1546,espacio_verde,Espacio verde 1546,-34.63408003506458,-58.50501971408747,#2ca02c
1547,espacio_verde,Espacio verde 1547,-34.65606333393611,-58.38768630298535,#2ca02c
1548,espacio_verde,Espacio verde 1548,-34.65623939476532,-58.387629692575594,#2ca02c
1549,espacio_verde,Espacio verde 1549,-34.67392070827502,-58.49976875227403,#2ca02c
1550,espacio_verde,Espacio verde 1550,-34.673680450898864,-58.49806350329876,#2ca02c
1551,espacio_verde,Espacio verde 1551,-34.67334879135652,-58.496361321294465,#2ca02c
1552,espacio_verde,Espacio verde 1552,-34.5725740958131,-58.39424683024156,#2ca02c
1553,espacio_verde,Espacio verde 1553,-34.539867724134105,-58.47540151362149,#2ca02c
1554,espacio_verde,Espacio verde 1554,-34.61408975729543,-58.529668404395736,#2ca02c
1555,espacio_verde,Espacio verde 1555,-34.65156632799727,-58.51490679305757,#2ca02c
1556,espacio_verde,Espacio verde 1556,-34.66056389872978,-58.516558336924064,#2ca02c
1557,espacio_verde,Espacio verde 1557,-34.57423657508826,-58.432047569896035,#2ca02c
1558,espacio_verde,Complejo Habitacional Padre Mugica,-34.68136874245669,-58.48828503728884,#2ca02c
1559,espacio_verde,Espacio verde 1559,-34.62671642648491,-58.36767562872596,#2ca02c
1560,espacio_verde,Cancha de la Feria,-34.585338515196234,-58.37675974850934,#2ca02c
1561,espacio_verde,Cancha del Galpón,-34.58447295157662,-58.37948653107378,#2ca02c
1562,espacio_verde,Plaza de los Lápices,-34.585578416915695,-58.3784024814314,#2ca02c
1563,espacio_verde,Cancha Ledesma,-34.58479569839453,-58.380061552125674,#2ca02c
1564,espacio_verde,Plaza 103,-34.5845221905279,-58.38052590190333,#2ca02c
1565,espacio_verde,Plaza Manzana 99,-34.58506201386796,-58.38052105401859,#2ca02c
1566,espacio_verde,Patio de Juegos Manzana 32,-34.582934289764914,-58.38000543042288,#2ca02c
1567,espacio_verde,Cancha Playón,-34.58367128573265,-58.380729533092584,#2ca02c
1568,espacio_verde,Patio Playón Oeste,-34.58307315529649,-58.38216554915644,#2ca02c
1569,espacio_verde,Plaza Pichones,-34.5801791012175,-58.387468534645144,#2ca02c
1570,espacio_verde,Cancha Comunicaciones (Barrio 31),-34.5786662603295,-58.388198174377344,#2ca02c
1571,espacio_verde,Espacio verde 1571,-34.595882862508475,-58.3719011325838,#2ca02c
1572,espacio_verde,Espacio verde 1572,-34.585404410472684,-58.37685330294455,#2ca02c
1573,espacio_verde,Espacio verde 1573,-34.596802130365866,-58.37069634366059,#2ca02c
1574,espacio_verde,Espacio verde 1574,-34.64500517353868,-58.462882579945536,#2ca02c
1575,espacio_verde,Espacio verde 1575,-34.64520142408161,-58.462076299884544,#2ca02c
1576,espacio_verde,Plazoleta Antonio Maceo,-34.64606208470176,-58.462227489669715,#2ca02c
1577,espacio_verde,Espacio verde 1577,-34.64556948358486,-58.46194110851624,#2ca02c
1578,espacio_verde,Espacio Público Saldías,-34.57577436753311,-58.3989582460209,#2ca02c
1579,espacio_verde,Patio Fray Cayetano,-34.62721540560846,-58.4635956832726,#2ca02c
1580,espacio_verde,Patio Porteño Donato Álvarez,-34.624254778518704,-58.455066101244675,#2ca02c
1581,espacio_verde,Espacio verde 1581,-34.63978079196247,-58.45744393040889,#2ca02c
1582,espacio_verde,Espacio verde 1582,-34.643637700168114,-58.44240668607734,#2ca02c
1583,espacio_verde,Espacio verde 1583,-34.64335431829304,-58.442628862323616,#2ca02c
1584,espacio_verde,Espacio verde 1584,-34.657522620336856,-58.42444667280967,#2ca02c
1585,espacio_verde,Espacio verde 1585,-34.689404046197694,-58.4674640639791,#2ca02c
1586,espacio_verde,Espacio verde 1586,-34.637142862376926,-58.52249404118712,#2ca02c
1587,espacio_verde,Espacio verde 1587,-34.65620158521129,-58.399947836133045,#2ca02c
1588,espacio_verde,Plaza del Corralón,-34.62754523183649,-58.48829799027215,#2ca02c
1589,espacio_verde,Padre Gaspar Cañada,-34.592308218985686,-58.46476933649371,#2ca02c
1590,espacio_verde,Espacio verde 1590,-34.598173572187584,-58.36492030631345,#2ca02c
1591,espacio_verde,Espacio verde 1591,-34.59855952202358,-58.364081290476804,#2ca02c
1592,espacio_verde,Espacio verde 1592,-34.547115366310216,-58.48602521138507,#2ca02c
1593,espacio_verde,Espacio verde 1593,-34.691379777837405,-58.46521311494975,#2ca02c
1594,espacio_verde,Espacio verde 1594,-34.691476720579125,-58.46443591630888,#2ca02c
1595,espacio_verde,Espacio verde 1595,-34.69100064819294,-58.4644780294718,#2ca02c
1596,espacio_verde,Boulevard Olímpico (no oficial),-34.67547783124345,-58.45418585087304,#2ca02c
1597,espacio_verde,Predio Villa Olímpica (Pascual Pérez y Av Escalada),-34.67271570235083,-58.457850533936124,#2ca02c
1598,espacio_verde,Predio Villa Olímpica (Delfo Cabrera y Pascual Pérez),-34.673182897783285,-58.45717626745094,#2ca02c
1599,espacio_verde,"Predio Villa Olímpica (Camet, 23 de Junio y Demiddi)",-34.67612789482865,-58.45244406705239,#2ca02c
1600,espacio_verde,"Predio Villa Olímpica (Demiddi, Boulevard y Camet",-34.67689549892837,-58.45336572769868,#2ca02c
1601,espacio_verde,Plaza de Proximidad Aguaribay 6768,-34.633149374925374,-58.52657530926282,#2ca02c
1602,espacio_verde,Parque de la Estación,-34.60783862506321,-58.413237749938126,#2ca02c
1603,espacio_verde,Espacio verde 1603,-34.579797013050495,-58.40774816527154,#2ca02c
1604,espacio_verde,Plaza Manzana 66,-34.6141134850993,-58.40569304045885,#2ca02c
1605,espacio_verde,Plaza República del Líbano,-34.58437241688197,-58.39487349602927,#2ca02c
1606,espacio_verde,Plaza Australia,-34.58313452293748,-58.3910007957488,#2ca02c
1607,espacio_verde,Plaza Jardín de la Recoleta,-34.5836889477023,-58.3890413919022,#2ca02c
1608,espacio_verde,Felipe Varela,-34.61185927831072,-58.44242006859109,#2ca02c
1609,espacio_verde,Espacio verde 1609,-34.603457086892654,-58.4490089539711,#2ca02c
1610,espacio_verde,Espacio verde 1610,-34.66720374244777,-58.505783033702684,#2ca02c
1611,espacio_verde,Juan Carlos Chiappe - Paseo de los Vecinos Destacados de la Comuna 10,-34.63581265390739,-58.490183168745524,#2ca02c
1612,espacio_verde,Ferruccio Cattelani - Paseo de los Vecinos Destacados de la Comuna 10,-34.63535424404552,-58.488267987071666,#2ca02c
1613,espacio_verde,Juan José Ceselli - Paseo de los Vecinos Destacados de la Comuna 10,-34.63508900589088,-58.48714496683276,#2ca02c
1614,espacio_verde,Enrique Dizeo - Paseo de los Vecinos Destacados de la Comuna 10,-34.63486660488446,-58.48621751815395,#2ca02c
1615,espacio_verde,Enrique Cadícamo - Paseo de los Vecinos Destacados de la Comuna 10,-34.634620276431065,-58.485149795929104,#2ca02c
1616,espacio_verde,Bruno Loatti - Paseo de los Vecinos Destacados de la Comuna 10,-34.63447500949458,-58.484530866762526,#2ca02c
1617,espacio_verde,José Manuel Moreno - Paseo de los Vecinos Destacados de la Comuna 10,-34.63428071128942,-58.483735053897405,#2ca02c
1618,espacio_verde,Espacio verde 1618,-34.65029590815041,-58.38459392568313,#2ca02c
1619,espacio_verde,Padre Luis Cimino - Paseo de los Vecinos Destacados de Mataderos Comuna 9,-34.65342203853038,-58.50437711191177,#2ca02c
1620,espacio_verde,Pedro Inchauspe - Paseo de los Vecinos Destacados de Mataderos Comuna 9,-34.65265860378559,-58.50357388009392,#2ca02c
1621,espacio_verde,Adolfo García Grau - Paseo de los Vecinos Destacados de Mataderos Comuna 9,-34.651719543445346,-58.50258857229844,#2ca02c
1622,espacio_verde,Plazoleta Maestro Alfredo Bravo,-34.555175935757454,-58.49100561561616,#2ca02c
1623,espacio_verde,Espacio verde 1623,-34.58875388386669,-58.38954888299191,#2ca02c
1624,espacio_verde,Espacio verde 1624,-34.66453771575364,-58.44689978840735,#2ca02c
1625,espacio_verde,Espacio verde 1625,-34.663824145600266,-58.44583870440634,#2ca02c
1626,espacio_verde,Espacio verde 1626,-34.663621712856425,-58.44820465230312,#2ca02c
1627,espacio_verde,Espacio verde 1627,-34.662504711016624,-58.44855778630993,#2ca02c
1628,espacio_verde,Espacio verde 1628,-34.61964144058782,-58.36159523547342,#2ca02c
1629,espacio_verde,Espacio verde 1629,-34.66726124142992,-58.429648548884686,#2ca02c
1630,espacio_verde,Espacio verde 1630,-34.66449555706503,-58.427269252806326,#2ca02c
1631,espacio_verde,Espacio verde 1631,-34.662939107146116,-58.42560902760469,#2ca02c
1632,espacio_verde,Espacio verde 1632,-34.68340485086866,-58.44322161298983,#2ca02c
1633,espacio_verde,Espacio verde 1633,-34.69404295673515,-58.45221975241124,#2ca02c
1634,espacio_verde,Espacio verde 1634,-34.57256865677085,-58.4013932767678,#2ca02c
1635,espacio_verde,Parque del Bajo,-34.607271717163606,-58.368130063639676,#2ca02c
1636,espacio_verde,Espacio verde 1636,-34.63460181156674,-58.44687730309362,#2ca02c
1637,espacio_verde,Plaza Usina del Arte,-34.6292623913715,-58.356115877961855,#2ca02c
1638,espacio_verde,Parque Elefante Blanco,-34.67107268134601,-58.49318616376277,#2ca02c
1639,espacio_verde,Ministerio Desarrollo Humano y Hábitat,-34.67161257791344,-58.49317773806789,#2ca02c
1640,espacio_verde,Espacio verde 1640,-34.66909854205183,-58.49294840218415,#2ca02c
1641,espacio_verde,Rosa Cirullo de Carnaghi,-34.625068765633934,-58.40009699896333,#2ca02c
1642,espacio_verde,Irene Orlando,-34.62396285868594,-58.39508327837676,#2ca02c
1643,espacio_verde,Espacio verde 1643,-34.569597834133404,-58.45773313919516,#2ca02c
1644,espacio_verde,Espacio verde 1644,-34.68727809497059,-58.46152362798888,#2ca02c
1645,espacio_verde,Espacio verde 1645,-34.68822802473883,-58.46144426990731,#2ca02c
1646,espacio_verde,Plazoleta Espora y Martín Rodríguez (no oficial),-34.62988681480306,-58.36595314400749,#2ca02c
1647,espacio_verde,Patio Porteño Paysandú,-34.61643357030042,-58.449692001188495,#2ca02c
1648,espacio_verde,Patio Urbano Carranza,-34.57512378259884,-58.43417131330486,#2ca02c
1649,espacio_verde,Patio Giribone y Céspedes,-34.580602501821545,-58.45554252962654,#2ca02c
1650,espacio_verde,Puesto Libreros Plaza Italia (No Oficial),-34.58023263216597,-58.42282327364889,#2ca02c
1651,espacio_verde,Cantero Central Av Corrientes (No oficial),-34.60408870197028,-58.387639176337046,#2ca02c
1652,espacio_verde,Plazoleta César Milstein,-34.640203381548524,-58.40698620821194,#2ca02c
1653,espacio_verde,Plazoleta Dr. Arturo Oñativia,-34.640030020730144,-58.40577248786881,#2ca02c
1654,espacio_verde,Plaza Los Pibes de Zavaleta,-34.64908371375649,-58.40400001286533,#2ca02c
1655,espacio_verde,Espacio verde 1655,-34.64610595940441,-58.40100939146325,#2ca02c
1656,espacio_verde,Espacio verde 1656,-34.65142898164217,-58.393801201847864,#2ca02c
1657,espacio_verde,Espacio verde 1657,-34.64860179397936,-58.37355610220825,#2ca02c
1658,espacio_verde,Espacio verde 1658,-34.6454995355155,-58.3681701700978,#2ca02c
1659,espacio_verde,Espacio verde 1659,-34.64458929928316,-58.363030919667,#2ca02c
1660,espacio_verde,Espacio verde 1660,-34.645297290168756,-58.3733450644269,#2ca02c
1661,espacio_verde,Espacio verde 1661,-34.6305384288089,-58.35956258015395,#2ca02c
1662,espacio_verde,Espacio verde 1662,-34.63708908233894,-58.36296515237003,#2ca02c
1663,espacio_verde,Espacio verde 1663,-34.62466374757497,-58.367653177315105,#2ca02c
1664,espacio_verde,Espacio verde 1664,-34.637365571346436,-58.35764724358728,#2ca02c
1665,espacio_verde,Paseo de la Ribera Río (No oficial) (e/Reg de Patricios y Rocha),-34.64516194165534,-58.36054837257109,#2ca02c
1666,espacio_verde,Paseo de la Ribera Río (No oficial) (e/Luzuriaga y Villarino),-34.657031127854154,-58.38016760758138,#2ca02c
1667,espacio_verde,Espacio verde 1667,-34.66069328600385,-58.39005613245845,#2ca02c
1668,espacio_verde,Camino de Sirga,-34.659209796625234,-58.4073530313926,#2ca02c
1669,espacio_verde,Plaza San Blas (denominación propuesta),-34.65692597290473,-58.399303994479375,#2ca02c
1670,espacio_verde,Espacio verde 1670,-34.65762075422559,-58.39996635638324,#2ca02c
1671,espacio_verde,Espacio verde 1671,-34.65803827207893,-58.39830847503411,#2ca02c
1672,espacio_verde,Cancha y Plaza Iriarte (no oficial),-34.651490611842895,-58.400741926260245,#2ca02c
1673,espacio_verde,Plazoleta Kevin (no oficial),-34.652150376745894,-58.40245304469939,#2ca02c
1674,espacio_verde,Espacio verde 1674,-34.65417185450089,-58.416429275954236,#2ca02c
1675,espacio_verde,Espacio verde 1675,-34.69270859690596,-58.45089163851571,#2ca02c
1676,espacio_verde,Espacio verde 1676,-34.66744621315586,-58.42950567612327,#2ca02c
1677,espacio_verde,Espacio verde 1677,-34.67827015504845,-58.438755281335666,#2ca02c
1678,espacio_verde,Espacio verde 1678,-34.67504030058767,-58.436029144095166,#2ca02c
1679,espacio_verde,Espacio verde 1679,-34.673239239910174,-58.4345194500714,#2ca02c
1680,espacio_verde,Espacio verde 1680,-34.67287564850026,-58.434205801734244,#2ca02c
1681,espacio_verde,Espacio verde 1681,-34.67674141126813,-58.43740507859934,#2ca02c
1682,espacio_verde,Espacio verde 1682,-34.66583577495429,-58.42831160825855,#2ca02c
1683,espacio_verde,Paseo Ástor Piazzolla,-34.60304735906716,-58.3829183971727,#2ca02c
1684,espacio_verde,Espacio verde 1684,-34.59353468761521,-58.382900325389805,#2ca02c
1685,espacio_verde,Espacio verde 1685,-34.59789824063143,-58.3702879798261,#2ca02c
1686,espacio_verde,Espacio verde 1686,-34.59836527557973,-58.367080660710634,#2ca02c
1687,espacio_verde,Espacio verde 1687,-34.598869571487576,-58.3674311319693,#2ca02c
1688,espacio_verde,Espacio verde 1688,-34.59931709350236,-58.36732386493847,#2ca02c
1689,espacio_verde,Espacio verde 1689,-34.61135740877963,-58.35899066753545,#2ca02c
1690,espacio_verde,Plazoleta Pasaje de las Almas,-34.60906444533198,-58.40965773628886,#2ca02c
1691,espacio_verde,Espacio verde 1691,-34.66187804502069,-58.446955678046166,#2ca02c
1692,espacio_verde,Plazoleta Lacarra y Somellera,-34.65958122177682,-58.45639802968626,#2ca02c
1693,espacio_verde,Espacio verde 1693,-34.658599799078985,-58.45531521223427,#2ca02c
1694,espacio_verde,Patio de Juegos Ramón Carrillo,-34.65701836014042,-58.45951484869173,#2ca02c
1695,espacio_verde,Plaza Seca Ramón Carrillo,-34.65524946220375,-58.457934883161066,#2ca02c
1696,espacio_verde,Plazoleta Gauchito Gil,-34.65544625502308,-58.457705245793576,#2ca02c
1697,espacio_verde,Espacio verde 1697,-34.65955531031417,-58.45374162734539,#2ca02c
1698,espacio_verde,Plaza La Jaulita,-34.66125537066007,-58.4544351594188,#2ca02c
1699,espacio_verde,Plaza Mondonguito,-34.66392555942812,-58.45098643254504,#2ca02c
1700,espacio_verde,Espacio verde 1700,-34.664954475103634,-58.44960497013072,#2ca02c
1701,espacio_verde,Espacio verde 1701,-34.67573402637791,-58.447445439946286,#2ca02c
1702,espacio_verde,Espacio verde 1702,-34.672535269218656,-58.474130724442226,#2ca02c
1703,espacio_verde,Cancha de los Huérfanos,-34.67323027617751,-58.46813549317998,#2ca02c
1704,espacio_verde,Espacio verde 1704,-34.67332045085695,-58.471429163355985,#2ca02c
1705,espacio_verde,Espacio verde 1705,-34.678242402312456,-58.4793871161266,#2ca02c
1706,espacio_verde,Conector Paseo Vecinal Dellepiane,-34.684342298969234,-58.48407585539001,#2ca02c
1707,espacio_verde,Espacio verde 1707,-34.68793115105975,-58.48236249178476,#2ca02c
1708,espacio_verde,Cancha de Lorenza,-34.672335683465484,-58.4623300910008,#2ca02c
1709,espacio_verde,Espacio verde 1709,-34.67170775604489,-58.461563781809616,#2ca02c
1710,espacio_verde,Patio de Juegos Plaza Cinthia,-34.65022680439632,-58.396263527407264,#2ca02c
1711,espacio_verde,Espacio verde 1711,-34.660300060498436,-58.47355022745674,#2ca02c
1712,espacio_verde,Espacio verde 1712,-34.658907620186376,-58.47080440168629,#2ca02c
1713,espacio_verde,Plaza Bailecito,-34.57933177451195,-58.384018218656124,#2ca02c
1714,espacio_verde,Plaza Ranchera,-34.57988951773652,-58.38326438818038,#2ca02c
1715,espacio_verde,Plaza Rumba,-34.58050153459363,-58.38201512622327,#2ca02c
1716,espacio_verde,Plaza Folklore,-34.58121078389763,-58.38080704958989,#2ca02c
1717,espacio_verde,Espacio verde 1717,-34.58130036179872,-58.387657674794674,#2ca02c
1718,espacio_verde,Plaza Huayno,-34.57965640822917,-58.3906441509126,#2ca02c
1719,espacio_verde,Plaza Cueca,-34.5786008422398,-58.390330639347944,#2ca02c
1720,espacio_verde,Espacio verde 1720,-34.579446300749446,-58.38994448453669,#2ca02c
1721,espacio_verde,Espacio verde 1721,-34.57053147495351,-58.48437662437499,#2ca02c
1722,espacio_verde,Espacio verde 1722,-34.65869981122094,-58.52091352104064,#2ca02c
1723,espacio_verde,Espacio verde 1723,-34.65828731721326,-58.520228372604876,#2ca02c
1724,espacio_verde,Espacio verde 1724,-34.65851832422355,-58.52016589470102,#2ca02c
1725,espacio_verde,Espacio verde 1725,-34.65893784663804,-58.520801865237345,#2ca02c
1726,espacio_verde,Espacio verde 1726,-34.658497079746525,-58.52190847859283,#2ca02c
1727,espacio_verde,Espacio verde 1727,-34.634676207157824,-58.422193494742174,#2ca02c
1728,espacio_verde,Espacio verde 1728,-34.63358616767723,-58.424201220324775,#2ca02c
1729,espacio_verde,Espacio verde 1729,-34.63357671863622,-58.422530243983466,#2ca02c
1730,espacio_verde,Espacio verde 1730,-34.63667212075904,-58.41492856061795,#2ca02c
1731,espacio_verde,Espacio verde 1731,-34.602995720395825,-58.43202229850118,#2ca02c
1732,espacio_verde,Espacio verde 1732,-34.60307442747124,-58.43120638036068,#2ca02c
1733,espacio_verde,Espacio verde 1733,-34.628039683263964,-58.4401758361402,#2ca02c
1734,espacio_verde,Espacio verde 1734,-34.62214764194746,-58.449320045049554,#2ca02c
1735,espacio_verde,Patio Albarracín,-34.63396802315921,-58.430321219697014,#2ca02c
1736,espacio_verde,Espacio verde 1736,-34.648051917949545,-58.4390070153316,#2ca02c
1737,espacio_verde,Plaza Cesac n° 20 (no oficial),-34.649240882151574,-58.43806763680094,#2ca02c
1738,espacio_verde,Plaza Manzana 7 (no oficial),-34.65012695587191,-58.438643781475456,#2ca02c
1739,espacio_verde,Cancha Manzana 7 (No oficial),-34.65035187796898,-58.43782569153171,#2ca02c
1740,espacio_verde,Espacio verde 1740,-34.650623409419495,-58.452910327349564,#2ca02c
1741,espacio_verde,Espacio verde 1741,-34.65027036044574,-58.45933517397955,#2ca02c
1742,espacio_verde,Plaza Mujeres Latinoamericanas en Lucha,-34.58449425436893,-58.460107601909584,#2ca02c
1743,espacio_verde,Plaza Ni una menos,-34.58447635073761,-58.45933254765958,#2ca02c
1744,espacio_verde,Plaza María Elena Moyano,-34.584546375334796,-58.45850201422994,#2ca02c
1745,espacio_verde,Plaza Blanca Varela,-34.5854504411614,-58.45682228571361,#2ca02c
1746,espacio_verde,Plaza Mercedes Sosa,-34.61818331582066,-58.35340276386839,#2ca02c
1747,espacio_verde,Plaza Juana Azurduy,-34.617865022507004,-58.35428729561937,#2ca02c
1748,espacio_verde,Parque Estación Buenos Aires,-34.64466383379694,-58.394962049662354,#2ca02c
1749,espacio_verde,Espacio verde 1749,-34.652040626622714,-58.4657392324365,#2ca02c
1750,espacio_verde,Plaza Barrio Balbastro,-34.64440803422465,-58.44933656779102,#2ca02c
1751,espacio_verde,Corredor verde Eva Perón (no oficial),-34.641853811227044,-58.4584092493869,#2ca02c
1752,espacio_verde,Espacio verde 1752,-34.643616342996474,-58.46301150456617,#2ca02c
1753,espacio_verde,Plazoleta Simón Wiesenthal,-34.639825422503634,-58.40839753987518,#2ca02c
1754,espacio_verde,Plaza Ana Frank,-34.56585309994552,-58.46847541671507,#2ca02c
1755,espacio_verde,Espacio verde 1755,-34.64570097890436,-58.397488685919235,#2ca02c
1756,espacio_verde,Espacio verde 1756,-34.64454001452982,-58.393164021327316,#2ca02c
1757,espacio_verde,Espacio verde 1757,-34.64483242766664,-58.393860227310945,#2ca02c
1758,espacio_verde,Espacio verde 1758,-34.64511176710515,-58.39452715186451,#2ca02c
1759,espacio_verde,Espacio verde 1759,-34.64539665630516,-58.395209811259186,#2ca02c
1760,espacio_verde,Plazoleta Edmundo Rivero,-34.557583569774756,-58.4863710813773,#2ca02c
1761,espacio_verde,Paseo del Ballet Argentino (e/ Gutenberg y Mistral),-34.59599934806434,-58.51530668539713,#2ca02c
1762,espacio_verde,Espacio verde 1762,-34.545933189853706,-58.45503755783404,#2ca02c
1763,espacio_verde,Espacio verde 1763,-34.659605445598146,-58.50696806552688,#2ca02c
1764,espacio_verde,Espacio verde 1764,-34.65830794476402,-58.50827596135884,#2ca02c
1765,espacio_verde,Espacio verde 1765,-34.65573512727489,-58.52381392860956,#2ca02c
1766,espacio_verde,Plazoleta María Elena Walsh,-34.6729615034078,-58.46177120825542,#2ca02c
1767,espacio_verde,Plazoleta Norma Colombatto,-34.67384935000152,-58.461506089359546,#2ca02c
1768,espacio_verde,Plazoleta Alicia Moreau de Justo,-34.676276252010126,-58.464410156888455,#2ca02c
1769,espacio_verde,Plazoleta Marie Curie,-34.67501766080238,-58.4634623089642,#2ca02c
1770,espacio_verde,Plazoleta Bartolina Sisa,-34.67432961718781,-58.46288559335792,#2ca02c
1771,espacio_verde,Espacio verde 1771,-34.61150195434444,-58.36665284011335,#2ca02c
1772,espacio_verde,Espacio verde 1772,-34.613895440400206,-58.366679301519866,#2ca02c
1773,espacio_verde,Espacio verde 1773,-34.60876601012235,-58.37039300149681,#2ca02c
1774,espacio_verde,Espacio verde 1774,-34.625908588212205,-58.36766206192883,#2ca02c
1775,espacio_verde,Espacio verde 1775,-34.623476309496205,-58.36789806043123,#2ca02c
1776,espacio_verde,Espacio verde 1776,-34.6200692802366,-58.36823501444227,#2ca02c
1777,espacio_verde,Espacio verde 1777,-34.61885789739386,-58.368416046835364,#2ca02c
1778,espacio_verde,Espacio verde 1778,-34.61738008617048,-58.366181430624046,#2ca02c
1779,espacio_verde,Espacio verde 1779,-34.61615654200117,-58.366420959095805,#2ca02c
1780,espacio_verde,Espacio verde 1780,-34.605185571926626,-58.36743727368291,#2ca02c
1781,espacio_verde,Espacio verde 1781,-34.591960055708014,-58.37182255216776,#2ca02c
1782,espacio_verde,Espacio verde 1782,-34.59461288995498,-58.3730247869248,#2ca02c
1783,espacio_verde,Espacio verde 1783,-34.60590276622194,-58.36980950643172,#2ca02c
1784,espacio_verde,Espacio verde 1784,-34.60583805991321,-58.370107515346845,#2ca02c
1785,espacio_verde,Espacio verde 1785,-34.60622389718934,-58.370150027458585,#2ca02c
1786,espacio_verde,Espacio verde 1786,-34.606701734156886,-58.36926772469573,#2ca02c
1787,espacio_verde,Espacio verde 1787,-34.60758658089188,-58.36861799954304,#2ca02c
1788,espacio_verde,Espacio verde 1788,-34.60852708876202,-58.36873189879153,#2ca02c
1789,espacio_verde,Espacio verde 1789,-34.60871294128769,-58.36869655152739,#2ca02c
1790,espacio_verde,Espacio verde 1790,-34.60925121429603,-58.36898743379805,#2ca02c
1791,espacio_verde,Espacio verde 1791,-34.608729650068604,-58.368488682075316,#2ca02c
1792,espacio_verde,Espacio verde 1792,-34.60696660134891,-58.36860662856999,#2ca02c
1793,espacio_verde,Espacio verde 1793,-34.607627193766156,-58.36843483498914,#2ca02c
1794,espacio_verde,Espacio verde 1794,-34.60669424539444,-58.368979732447656,#2ca02c
1795,espacio_verde,Espacio verde 1795,-34.609735329150375,-58.36935475804755,#2ca02c
1796,espacio_verde,Espacio verde 1796,-34.60973609213051,-58.36957639242195,#2ca02c
1797,espacio_verde,Espacio verde 1797,-34.61170403180232,-58.36928731380731,#2ca02c
1798,espacio_verde,Espacio verde 1798,-34.6117119766833,-58.36950959353577,#2ca02c
1799,espacio_verde,Espacio verde 1799,-34.61738241825552,-58.36881782624834,#2ca02c
1800,espacio_verde,Espacio verde 1800,-34.61738366297253,-58.36939720560256,#2ca02c
1801,espacio_verde,Espacio verde 1801,-34.61053578327633,-58.36932700129257,#2ca02c
1802,espacio_verde,Espacio verde 1802,-34.61054778961146,-58.36955076781713,#2ca02c
1803,espacio_verde,Espacio verde 1803,-34.62314022302634,-58.36485043760527,#2ca02c
1804,espacio_verde,Espacio verde 1804,-34.6216014439705,-58.36558213269422,#2ca02c
1805,espacio_verde,Espacio verde 1805,-34.618955995927074,-58.36599108883622,#2ca02c
1806,espacio_verde,Espacio verde 1806,-34.62217056277851,-58.36618352814968,#2ca02c
1807,espacio_verde,Espacio verde 1807,-34.61994360393682,-58.366252187256656,#2ca02c
1808,espacio_verde,Espacio verde 1808,-34.618675544981826,-58.366397030615886,#2ca02c
1809,espacio_verde,Espacio verde 1809,-34.61748445623752,-58.366534839081375,#2ca02c
1810,espacio_verde,Espacio verde 1810,-34.616245376423045,-58.36667509149521,#2ca02c
1811,espacio_verde,Espacio verde 1811,-34.61509197093589,-58.36680555380181,#2ca02c
1812,espacio_verde,Espacio verde 1812,-34.61398190394036,-58.366933094296975,#2ca02c
1813,espacio_verde,Espacio verde 1813,-34.6128778073173,-58.36705176930407,#2ca02c
1814,espacio_verde,Espacio verde 1814,-34.61158393011123,-58.36719389707562,#2ca02c
1815,espacio_verde,Espacio verde 1815,-34.60952875818235,-58.36742984029152,#2ca02c
1816,espacio_verde,Espacio verde 1816,-34.60668173721358,-58.36776357639401,#2ca02c
1817,espacio_verde,Espacio verde 1817,-34.6039687322665,-58.36805835364234,#2ca02c
1818,espacio_verde,Espacio verde 1818,-34.60225423005181,-58.3682358481426,#2ca02c
1819,espacio_verde,Espacio verde 1819,-34.60107074685064,-58.36842208380232,#2ca02c
1820,espacio_verde,Espacio verde 1820,-34.599944782226004,-58.36883831093241,#2ca02c
1821,espacio_verde,Espacio verde 1821,-34.598996714688134,-58.36923703598052,#2ca02c
1822,espacio_verde,Espacio verde 1822,-34.596692108040905,-58.37016267697729,#2ca02c
1823,espacio_verde,Espacio verde 1823,-34.59537228692187,-58.37070392659802,#2ca02c
1824,espacio_verde,Espacio verde 1824,-34.5940747783734,-58.371236546158364,#2ca02c
1825,espacio_verde,Espacio verde 1825,-34.59316196208192,-58.37160831996846,#2ca02c
1826,espacio_verde,Espacio verde 1826,-34.591183709457965,-58.37384528039723,#2ca02c
1827,espacio_verde,Espacio verde 1827,-34.590811128384125,-58.37358073299161,#2ca02c
1828,espacio_verde,Espacio verde 1828,-34.590521696879065,-58.37334050115978,#2ca02c
1829,espacio_verde,Espacio verde 1829,-34.589765838527256,-58.37267262386719,#2ca02c
1830,espacio_verde,Plaza Colonia Express,-34.62448003117336,-58.36200910688312,#2ca02c
1831,espacio_verde,Espacio verde 1831,-34.626498236297174,-58.358856156224476,#2ca02c
1832,espacio_verde,Espacio verde 1832,-34.63681487303494,-58.354953094421404,#2ca02c
1833,espacio_verde,Espacio verde 1833,-34.62435675757041,-58.36435793890068,#2ca02c
1834,espacio_verde,Espacio verde 1834,-34.61722249264467,-58.36582357614877,#2ca02c
1835,espacio_verde,Espacio verde 1835,-34.61617700000043,-58.36594543315296,#2ca02c
1836,espacio_verde,Espacio verde 1836,-34.61509187016417,-58.366069629768695,#2ca02c
1837,espacio_verde,Espacio verde 1837,-34.613990358471035,-58.3661949072093,#2ca02c
1838,espacio_verde,Espacio verde 1838,-34.61282322499709,-58.366310385217034,#2ca02c
1839,espacio_verde,Espacio verde 1839,-34.61137729291765,-58.36627344046451,#2ca02c
1840,espacio_verde,Espacio verde 1840,-34.60947201605656,-58.366488755184385,#2ca02c
1841,espacio_verde,Espacio verde 1841,-34.60727637372766,-58.36673711516349,#2ca02c
1842,espacio_verde,Espacio verde 1842,-34.60701451205772,-58.36646703481731,#2ca02c
1843,espacio_verde,Espacio verde 1843,-34.60050276847899,-58.36750494734997,#2ca02c
1844,espacio_verde,Espacio verde 1844,-34.599702368273405,-58.36769693105561,#2ca02c
1845,espacio_verde,Espacio verde 1845,-34.59676363595824,-58.368682464525584,#2ca02c
1846,espacio_verde,Espacio verde 1846,-34.59361614152448,-58.369790198500674,#2ca02c
1847,espacio_verde,Espacio verde 1847,-34.5853049908257,-58.36726986609584,#2ca02c
1848,espacio_verde,Espacio verde 1848,-34.58576573121219,-58.36709112935082,#2ca02c
1849,espacio_verde,Espacio verde 1849,-34.58649280224246,-58.36768787840754,#2ca02c
1850,espacio_verde,Espacio verde 1850,-34.584716932135386,-58.368359157683074,#2ca02c
1851,espacio_verde,Espacio verde 1851,-34.58473099497217,-58.36903144155176,#2ca02c
1852,espacio_verde,Espacio verde 1852,-34.58533768354911,-58.3694897226472,#2ca02c
1853,espacio_verde,Espacio verde 1853,-34.58795272797976,-58.37200267773864,#2ca02c
1854,espacio_verde,Espacio verde 1854,-34.58848542122517,-58.37105965362583,#2ca02c
1855,espacio_verde,Espacio verde 1855,-34.62166802989583,-58.36509184453942,#2ca02c
1856,espacio_verde,Espacio verde 1856,-34.622219993809765,-58.36482650102671,#2ca02c
1857,espacio_verde,Espacio verde 1857,-34.617700398039496,-58.36180853438276,#2ca02c
1858,espacio_verde,Espacio verde 1858,-34.61216599229614,-58.35897952154408,#2ca02c
1859,espacio_verde,Espacio verde 1859,-34.6119846657761,-58.36419985611682,#2ca02c
1860,espacio_verde,Espacio verde 1860,-34.61103145798276,-58.35936892484343,#2ca02c
1861,espacio_verde,Espacio verde 1861,-34.56507441865411,-58.480829615176035,#2ca02c
1862,espacio_verde,Espacio verde 1862,-34.56629145141127,-58.47974533268968,#2ca02c
1863,espacio_verde,Espacio verde 1863,-34.57079750086734,-58.47556157153663,#2ca02c
1864,espacio_verde,Espacio verde 1864,-34.57175611779637,-58.47475054195443,#2ca02c
1865,espacio_verde,Espacio verde 1865,-34.572834491400876,-58.473833091206394,#2ca02c
1866,espacio_verde,Espacio verde 1866,-34.5737167536268,-58.47310821910637,#2ca02c
1867,espacio_verde,Espacio verde 1867,-34.57717277824883,-58.471204996953716,#2ca02c
1868,espacio_verde,Espacio verde 1868,-34.57629000611427,-58.47192292218241,#2ca02c
1869,espacio_verde,Espacio verde 1869,-34.574450209430765,-58.473510822759074,#2ca02c
1870,espacio_verde,Espacio verde 1870,-34.59078784501131,-58.47488024368576,#2ca02c
1871,espacio_verde,Espacio verde 1871,-34.68331557107407,-58.46573543101558,#2ca02c
1872,espacio_verde,Espacio verde 1872,-34.68704397892571,-58.46331519608314,#2ca02c
1873,espacio_verde,Bo. Cardenal Santiago Copello,-34.6658154750237,-58.475318861150676,#2ca02c
1874,espacio_verde,Espacio verde 1874,-34.67766654620672,-58.49407521607091,#2ca02c
1875,espacio_verde,Espacio verde 1875,-34.67748378681624,-58.49380827060793,#2ca02c
1876,espacio_verde,Espacio verde 1876,-34.67767150237243,-58.49267842514811,#2ca02c
1877,espacio_verde,Espacio verde 1877,-34.67762733960858,-58.492363896250446,#2ca02c
1878,espacio_verde,Espacio verde 1878,-34.677502574451786,-58.49527310328495,#2ca02c
1879,espacio_verde,Espacio verde 1879,-34.6784757418874,-58.49562433172003,#2ca02c
1880,espacio_verde,Espacio verde 1880,-34.678825678046586,-58.493870722415444,#2ca02c
1881,espacio_verde,Espacio verde 1881,-34.67737818623947,-58.49579414294221,#2ca02c
1882,espacio_verde,Espacio verde 1882,-34.67925132751445,-58.49202507264284,#2ca02c
1883,espacio_verde,Espacio verde 1883,-34.67993632097768,-58.491808093694864,#2ca02c
1884,espacio_verde,Espacio verde 1884,-34.67917542284808,-58.49016582961059,#2ca02c
1885,espacio_verde,Espacio verde 1885,-34.67806021067227,-58.48802365070276,#2ca02c
1886,espacio_verde,Espacio verde 1886,-34.67825088606074,-58.48795040930089,#2ca02c
1887,espacio_verde,Espacio verde 1887,-34.67848092898232,-58.48726582416558,#2ca02c
1888,espacio_verde,Espacio verde 1888,-34.68013646694162,-58.4853506710529,#2ca02c
1889,espacio_verde,Espacio verde 1889,-34.67720716984705,-58.4887218115562,#2ca02c
1890,espacio_verde,Bo. Los Perales (ex Manuel Dorrego),-34.667950945605675,-58.49675694385854,#2ca02c
1891,espacio_verde,Espacio verde 1891,-34.66755365771617,-58.473875671521306,#2ca02c
1892,espacio_verde,Espacio verde 1892,-34.666684669439356,-58.47337437582852,#2ca02c
1893,espacio_verde,Espacio verde 1893,-34.66529574943071,-58.47284578584519,#2ca02c
1894,espacio_verde,Espacio verde 1894,-34.6659484008205,-58.4724542235788,#2ca02c
1895,espacio_verde,Espacio verde 1895,-34.66440735346044,-58.47234539890584,#2ca02c
1896,espacio_verde,Espacio verde 1896,-34.66367454144387,-58.47177575753523,#2ca02c
1897,espacio_verde,Espacio verde 1897,-34.66445234639984,-58.470723034018114,#2ca02c
1898,espacio_verde,Espacio verde 1898,-34.66514638064412,-58.471693611415,#2ca02c
1899,espacio_verde,Espacio verde 1899,-34.662030815924176,-58.46797694072663,#2ca02c
1900,espacio_verde,Espacio verde 1900,-34.66346121961604,-58.46916886615616,#2ca02c
1901,espacio_verde,Espacio verde 1901,-34.661021658841946,-58.46929210106536,#2ca02c
1902,espacio_verde,Barrio Juan José Nágera,-34.661179291889255,-58.47003375937526,#2ca02c
1903,espacio_verde,Espacio verde 1903,-34.66216740416429,-58.469026213362824,#2ca02c
1904,espacio_verde,Parque Barrio Piletones (no oficial),-34.66259914015711,-58.45503435978926,#2ca02c
1905,espacio_verde,Espacio verde 1905,-34.658409923958,-58.465707220400205,#2ca02c
1906,espacio_verde,Espacio verde 1906,-34.656328223095585,-58.46618865034237,#2ca02c
1907,espacio_verde,Espacio verde 1907,-34.65550847655529,-58.437345593876,#2ca02c
1908,espacio_verde,Espacio verde 1908,-34.654848207359635,-58.43646530159067,#2ca02c
1909,espacio_verde,Plazoleta María Josefa Ramos de Garmendia,-34.608327220460104,-58.48094640516322,#2ca02c
1910,espacio_verde,Espacio verde 1910,-34.65597158561242,-58.43785989293081,#2ca02c
1911,espacio_verde,Espacio verde 1911,-34.653210194559364,-58.44115497654352,#2ca02c
1912,espacio_verde,Espacio verde 1912,-34.65222941434981,-58.442764583433785,#2ca02c
1913,espacio_verde,Espacio verde 1913,-34.65514032539454,-58.439131216567446,#2ca02c
1914,espacio_verde,Espacio verde 1914,-34.653834391431516,-58.435978622215245,#2ca02c
1915,espacio_verde,Plaza 18 de Diciembre de 2022,-34.6274049272685,-58.41276296758917,#2ca02c
1916,espacio_verde,Parque de la Innovación (ex Tiro Federal Argentino),-34.54457520352345,-58.45232522802497,#2ca02c
1917,espacio_verde,Plazoleta Adelia María Harilaos de Olmos,-34.588660615854415,-58.39266923235541,#2ca02c
1918,espacio_verde,Salón de Usos Múltiples Julio Cortázar,-34.60515260994203,-58.49309847420637,#2ca02c
1919,espacio_verde,Espacio verde 1919,-34.56340208118953,-58.43641262792869,#2ca02c
1920,espacio_verde,Parque Costero BA,-34.54722506589308,-58.430567152699254,#2ca02c
1921,espacio_verde,Espacio verde 1921,-34.54522520641344,-58.43168854232904,#2ca02c
1922,espacio_verde,Espacio verde 1922,-34.64661793409669,-58.400241078065896,#2ca02c
1923,espacio_verde,Espacio verde 1923,-34.645022835557135,-58.394897811919755,#2ca02c
1924,espacio_verde,Espacio verde 1924,-34.646564173791354,-58.39837006191126,#2ca02c
1925,espacio_verde,Espacio verde 1925,-34.64567043488531,-58.39618182262437,#2ca02c
1926,espacio_verde,Espacio verde 1926,-34.6439998954272,-58.39217314728292,#2ca02c
1927,espacio_verde,Espacio verde 1927,-34.643368700406135,-58.39066172538972,#2ca02c
1928,espacio_verde,Espacio verde 1928,-34.64680034666119,-58.400612521168306,#2ca02c
1929,espacio_verde,Espacio verde 1929,-34.645427315761935,-58.39690563968168,#2ca02c
1930,espacio_verde,Espacio verde 1930,-34.64375557295457,-58.3930994781675,#2ca02c
1931,espacio_verde,Espacio verde 1931,-34.64490942032067,-58.39709833691468,#2ca02c
1932,espacio_verde,Espacio verde 1932,-34.64261278339008,-58.3914660142764,#2ca02c
1933,espacio_verde,Espacio verde 1933,-34.64274135992244,-58.39279009857378,#2ca02c
1934,espacio_verde,Espacio verde 1934,-34.643172084889635,-58.391406406809246,#2ca02c
1935,espacio_verde,Espacio verde 1935,-34.64378173657956,-58.39215032079852,#2ca02c
1936,espacio_verde,Espacio verde 1936,-34.6438036822776,-58.3929494056159,#2ca02c
1937,espacio_verde,Espacio verde 1937,-34.64639779564628,-58.398431120837735,#2ca02c
1938,espacio_verde,Espacio verde 1938,-34.6433674601841,-58.39424770526992,#2ca02c
1939,espacio_verde,Espacio verde 1939,-34.643760364508786,-58.393695170046705,#2ca02c
1940,espacio_verde,Espacio verde 1940,-34.64382762298501,-58.39533784492102,#2ca02c
1941,espacio_verde,Espacio verde 1941,-34.64433764240504,-58.396544901191305,#2ca02c
1942,espacio_verde,Espacio verde 1942,-34.6448911312682,-58.39788172256994,#2ca02c
1943,espacio_verde,Espacio verde 1943,-34.646738361899054,-58.39971438573558,#2ca02c
1944,espacio_verde,Espacio verde 1944,-34.64623465827875,-58.4000938571946,#2ca02c
1945,espacio_verde,Espacio verde 1945,-34.645862521679014,-58.40017388899205,#2ca02c
1946,espacio_verde,Espacio verde 1946,-34.64541962439291,-58.3991198503826,#2ca02c
1947,espacio_verde,Espacio verde 1947,-34.64683055077679,-58.39847870287356,#2ca02c
1948,espacio_verde,Espacio verde 1948,-34.652893481248505,-58.43323533637857,#2ca02c
1949,espacio_verde,Espacio verde 1949,-34.653229043256324,-58.43296240893323,#2ca02c
1950,espacio_verde,Espacio verde 1950,-34.65388244955952,-58.43520957143798,#2ca02c
1951,espacio_verde,Espacio verde 1951,-34.653336933351284,-58.43451161046476,#2ca02c
1952,espacio_verde,Espacio verde 1952,-34.652813362525286,-58.43389580277336,#2ca02c
1953,espacio_verde,Espacio verde 1953,-34.65234384989607,-58.433254437269035,#2ca02c
1954,espacio_verde,Espacio verde 1954,-34.65175101810178,-58.43251236209003,#2ca02c
1955,espacio_verde,Espacio verde 1955,-34.650943329654694,-58.43255068850482,#2ca02c
1956,espacio_verde,Espacio verde 1956,-34.64917414546719,-58.43162821871975,#2ca02c
1957,espacio_verde,Espacio verde 1957,-34.660231558155026,-58.49710869985782,#2ca02c
1958,espacio_verde,Espacio verde 1958,-34.6599641034517,-58.49835782161635,#2ca02c
1959,espacio_verde,Espacio verde 1959,-34.65925452160435,-58.499975178035186,#2ca02c
1960,espacio_verde,Espacio verde 1960,-34.636001164991896,-58.495631857401406,#2ca02c
1961,espacio_verde,Espacio verde 1961,-34.63580755443946,-58.4874370937315,#2ca02c
1962,espacio_verde,Corredor Verde Emilio Castro,-34.64850152853085,-58.50814775264766,#2ca02c
1963,espacio_verde,Espacio verde 1963,-34.67435825106251,-58.47300442073346,#2ca02c
1964,espacio_verde,Espacio verde 1964,-34.635325751677065,-58.52859342236347,#2ca02c
1965,espacio_verde,Espacio verde 1965,-34.63612975258019,-58.52420310651908,#2ca02c
1966,espacio_verde,Espacio verde 1966,-34.62978718145327,-58.47197204304187,#2ca02c
1967,espacio_verde,Espacio verde 1967,-34.6314387739488,-58.478403677330135,#2ca02c
1968,espacio_verde,Espacio verde 1968,-34.630501029821886,-58.47530445335071,#2ca02c
1969,espacio_verde,Espacio verde 1969,-34.630983961673124,-58.47687775176652,#2ca02c
1970,espacio_verde,Espacio verde 1970,-34.631904116888904,-58.48030143334188,#2ca02c
1971,espacio_verde,Espacio verde 1971,-34.59419150097364,-58.50328136973497,#2ca02c
1972,espacio_verde,Espacio verde 1972,-34.59431552677667,-58.503654158629665,#2ca02c
1973,espacio_verde,Espacio verde 1973,-34.59498728510497,-58.50253682383105,#2ca02c
1974,espacio_verde,Espacio verde 1974,-34.59458821542925,-58.502879909417075,#2ca02c
1975,espacio_verde,Espacio verde 1975,-34.594849899921755,-58.50307689370441,#2ca02c
1976,espacio_verde,Plaza Educativa,-34.57121412389248,-58.496197553491484,#2ca02c
1977,espacio_verde,Corredor Verde Av Triunvirato,-34.57113914591721,-58.49039898499701,#2ca02c
1978,espacio_verde,Espacio verde 1978,-34.55490256933213,-58.486704653792735,#2ca02c
1979,espacio_verde,Espacio verde 1979,-34.549799597595324,-58.484051773571196,#2ca02c
1980,espacio_verde,Plaza San Isidro Labrador,-34.54074171864151,-58.475515325517776,#2ca02c
1981,espacio_verde,Espacio verde 1981,-34.542610546666054,-58.46411068098074,#2ca02c
1982,espacio_verde,Espacio verde 1982,-34.550520201973434,-58.46092321624591,#2ca02c
1983,espacio_verde,Espacio verde 1983,-34.54775240525373,-58.46306711858672,#2ca02c
1984,espacio_verde,Plaza Nodo Libertador,-34.56152759343136,-58.44327694630233,#2ca02c
1985,espacio_verde,Espacio verde 1985,-34.56097823882429,-58.445212478215474,#2ca02c
1986,espacio_verde,Plazoleta Paseo Beijing,-34.558881220501334,-58.4490143947983,#2ca02c
1987,espacio_verde,Espacio verde 1987,-34.55944355100418,-58.44871845469942,#2ca02c
1988,espacio_verde,Espacio verde 1988,-34.56891941859629,-58.45972729060327,#2ca02c
1989,espacio_verde,Espacio verde 1989,-34.57357143383791,-58.44703608349737,#2ca02c
1990,espacio_verde,Parque Ferroviario Colegiales,-34.571151585424765,-58.451278945912975,#2ca02c
1991,espacio_verde,Espacio verde 1991,-34.58520400137067,-58.45881254015211,#2ca02c
1992,espacio_verde,Espacio verde 1992,-34.58505245662591,-58.45611835746096,#2ca02c
1993,espacio_verde,Espacio verde 1993,-34.584783013633825,-58.45748770033815,#2ca02c
1994,espacio_verde,Espacio verde 1994,-34.58428021145842,-58.45488276439527,#2ca02c
1995,espacio_verde,Espacio verde 1995,-34.584587682131804,-58.45513300965146,#2ca02c
1996,espacio_verde,Espacio verde 1996,-34.584144996158905,-58.4556247810017,#2ca02c
1997,espacio_verde,Espacio verde 1997,-34.58365406432094,-58.456987671568434,#2ca02c
1998,espacio_verde,Espacio verde 1998,-34.583889444452495,-58.45773063158456,#2ca02c
1999,espacio_verde,Espacio verde 1999,-34.58510180361731,-58.45996920545982,#2ca02c
2000,espacio_verde,Espacio verde 2000,-34.58505056651656,-58.45927845183297,#2ca02c
2001,espacio_verde,Espacio verde 2001,-34.58500582005895,-58.45844458738129,#2ca02c
2002,espacio_verde,Espacio verde 2002,-34.585041753933154,-58.457402472339474,#2ca02c
2003,espacio_verde,Espacio verde 2003,-34.58517404702355,-58.45640543059311,#2ca02c
2004,espacio_verde,Espacio verde 2004,-34.585590773645784,-58.45492704228242,#2ca02c
2005,espacio_verde,Espacio verde 2005,-34.58999904012059,-58.44157163849146,#2ca02c
2006,espacio_verde,Espacio verde 2006,-34.59005864662658,-58.441930322860685,#2ca02c
2007,espacio_verde,Plaza Fitz Roy,-34.59128860278858,-58.444169472537766,#2ca02c
2008,espacio_verde,Espacio verde 2008,-34.59161996512058,-58.42257914752757,#2ca02c
2009,espacio_verde,Espacio verde 2009,-34.602651029358704,-58.412278229815996,#2ca02c
2010,espacio_verde,Plazoleta Cinco Esquinas,-34.59268240135797,-58.38454688681928,#2ca02c
2011,espacio_verde,Espacio verde 2011,-34.61480727820538,-58.37054692184871,#2ca02c
2012,espacio_verde,Espacio verde 2012,-34.606967470068966,-58.370876406964314,#2ca02c
2013,espacio_verde,Espacio verde 2013,-34.60665010055319,-58.37164013667943,#2ca02c
2014,espacio_verde,Espacio verde 2014,-34.59641606937615,-58.37922107397445,#2ca02c
2015,espacio_verde,Espacio verde 2015,-34.597875221345674,-58.37311493492103,#2ca02c
2016,espacio_verde,Espacio verde 2016,-34.59757643789159,-58.37695866310864,#2ca02c
2017,espacio_verde,Espacio verde 2017,-34.59820831475884,-58.376863053379545,#2ca02c
2018,espacio_verde,Espacio verde 2018,-34.59629761376964,-58.378459357831595,#2ca02c
2019,espacio_verde,Espacio verde 2019,-34.60072397417904,-58.37821601888126,#2ca02c
2020,espacio_verde,Espacio verde 2020,-34.607775608812126,-58.3749241620018,#2ca02c
2021,espacio_verde,Espacio verde 2021,-34.606301542984546,-58.37507605189456,#2ca02c
2022,espacio_verde,Espacio verde 2022,-34.605115115842096,-58.37513783611218,#2ca02c
2023,espacio_verde,Espacio verde 2023,-34.60395925734968,-58.37519198986287,#2ca02c
2024,espacio_verde,Espacio verde 2024,-34.60265939743774,-58.375249871680246,#2ca02c
2025,espacio_verde,Espacio verde 2025,-34.6016593704897,-58.3752996285916,#2ca02c
2026,espacio_verde,Espacio verde 2026,-34.60037726998013,-58.37536325470306,#2ca02c
2027,espacio_verde,Espacio verde 2027,-34.59929571394851,-58.37536235596485,#2ca02c
2028,espacio_verde,Espacio verde 2028,-34.59807766897942,-58.37539001408091,#2ca02c
2029,espacio_verde,Espacio verde 2029,-34.59701523050337,-58.37541082259274,#2ca02c
2030,espacio_verde,Plazoleta Alberto Ginastera,-34.594918259380634,-58.374497637932265,#2ca02c
2031,espacio_verde,Espacio verde 2031,-34.61430290618056,-58.374568213140236,#2ca02c
2032,espacio_verde,Espacio verde 2032,-34.61650379668787,-58.374414005470754,#2ca02c
2033,espacio_verde,Espacio verde 2033,-34.62205927943473,-58.37411973240217,#2ca02c
2034,espacio_verde,Plazoleta Paseo Agustín Bardi (no oficial),-34.6536856622124,-58.379191905583504,#2ca02c
2035,espacio_verde,Espacio verde 2035,-34.65853889521338,-58.402161018533526,#2ca02c
2036,espacio_verde,Espacio verde 2036,-34.65881662428267,-58.44897348648208,#2ca02c
2037,espacio_verde,Espacio verde 2037,-34.65532662281782,-58.444347287363755,#2ca02c
2038,espacio_verde,Espacio verde 2038,-34.660500000035476,-58.44873835803266,#2ca02c
2039,espacio_verde,Espacio verde 2039,-34.659943999918106,-58.44944793813019,#2ca02c
2040,espacio_verde,Espacio verde 2040,-34.65852474689922,-58.45124012560043,#2ca02c
2041,espacio_verde,Espacio verde 2041,-34.65572762190893,-58.45482948675314,#2ca02c
2042,espacio_verde,Espacio verde 2042,-34.65848658146529,-58.45109239078238,#2ca02c
2043,espacio_verde,Espacio verde 2043,-34.645669425005956,-58.491666338136106,#2ca02c
2044,espacio_verde,Espacio verde 2044,-34.64649363635837,-58.48857615888476,#2ca02c
2045,espacio_verde,Espacio verde 2045,-34.64686839387828,-58.48783679705146,#2ca02c
2046,espacio_verde,Espacio verde 2046,-34.64691631467354,-58.486934659964504,#2ca02c
2047,espacio_verde,Espacio verde 2047,-34.64482711017526,-58.495061689659984,#2ca02c
2048,espacio_verde,Espacio verde 2048,-34.64730023794359,-58.485325653371376,#2ca02c
2049,espacio_verde,Espacio verde 2049,-34.6461191774472,-58.490883691704084,#2ca02c
2050,espacio_verde,Espacio verde 2050,-34.55506544691811,-58.49257909267962,#2ca02c
2051,espacio_verde,Espacio verde 2051,-34.55520539795896,-58.494159741671766,#2ca02c
2052,espacio_verde,Espacio verde 2052,-34.55514170123414,-58.483187002893054,#2ca02c
2053,espacio_verde,Espacio verde 2053,-34.55855856233478,-58.47510593496133,#2ca02c
2054,espacio_verde,Espacio verde 2054,-34.55818414944283,-58.47599369688265,#2ca02c
2055,espacio_verde,Espacio verde 2055,-34.55783160876583,-58.47682732847609,#2ca02c
2056,espacio_verde,Espacio verde 2056,-34.55746120857785,-58.47773661838233,#2ca02c
2057,espacio_verde,Espacio verde 2057,-34.55699642359676,-58.478798739102686,#2ca02c
2058,espacio_verde,Espacio verde 2058,-34.55655499662517,-58.479808993309874,#2ca02c
2059,espacio_verde,Espacio verde 2059,-34.55626896863977,-58.48046136291603,#2ca02c
2060,espacio_verde,Espacio verde 2060,-34.55580113057846,-58.48157390042097,#2ca02c
2061,espacio_verde,Espacio verde 2061,-34.55549488061864,-58.48232914353664,#2ca02c
2062,espacio_verde,Espacio verde 2062,-34.559231604715215,-58.47352304560459,#2ca02c
2063,espacio_verde,Espacio verde 2063,-34.559768548212624,-58.47224355666424,#2ca02c
2064,espacio_verde,Espacio verde 2064,-34.559296770692725,-58.472529101776345,#2ca02c
2065,espacio_verde,Plaza Barrio Presidente Roque Sáenz Peña,-34.557710520241216,-58.493425398322664,#2ca02c
2066,espacio_verde,Espacio verde 2066,-34.55026195398417,-58.48697736320731,#2ca02c
2067,espacio_verde,Espacio verde 2067,-34.54982326944641,-58.48588452003092,#2ca02c
2068,espacio_verde,Espacio verde 2068,-34.549055893229415,-58.48493683480227,#2ca02c
2069,espacio_verde,Espacio verde 2069,-34.54939840221472,-58.48663955844984,#2ca02c
2070,espacio_verde,Espacio verde 2070,-34.53961576859121,-58.47531547003731,#2ca02c
2071,espacio_verde,Espacio verde 2071,-34.55879250798369,-58.45946650491187,#2ca02c
2072,espacio_verde,Espacio verde 2072,-34.548730535412915,-58.46839565154117,#2ca02c
2073,espacio_verde,Espacio verde 2073,-34.55690572175254,-58.46124056854435,#2ca02c
2074,espacio_verde,Espacio verde 2074,-34.556114411008544,-58.46198428004019,#2ca02c
2075,espacio_verde,Espacio verde 2075,-34.55396510025796,-58.46401118838038,#2ca02c
2076,espacio_verde,Espacio verde 2076,-34.55262154635211,-58.46527500662092,#2ca02c
2077,espacio_verde,Espacio verde 2077,-34.55067914932134,-58.46676370742129,#2ca02c
2078,espacio_verde,Espacio verde 2078,-34.54949247548241,-58.467783090473105,#2ca02c
2079,espacio_verde,Espacio verde 2079,-34.56145889284245,-58.45711595918903,#2ca02c
2080,espacio_verde,Espacio verde 2080,-34.576527351533706,-58.431740958548836,#2ca02c
2081,espacio_verde,Espacio verde 2081,-34.57447081509817,-58.41863749135284,#2ca02c
2082,espacio_verde,Espacio verde 2082,-34.575023181153924,-58.41484614932734,#2ca02c
2083,espacio_verde,Espacio verde 2083,-34.57276604085884,-58.424325441172314,#2ca02c
2084,espacio_verde,Espacio verde 2084,-34.573759115178866,-58.42607047568573,#2ca02c
2085,espacio_verde,Plaza Las Cañitas,-34.57352024658778,-58.42972921061607,#2ca02c
2086,espacio_verde,Espacio verde 2086,-34.56837544613086,-58.43080569263601,#2ca02c
2087,espacio_verde,Espacio verde 2087,-34.57061264691262,-58.423389738632395,#2ca02c
2088,espacio_verde,Espacio verde 2088,-34.56723272567899,-58.4304625719202,#2ca02c
2089,espacio_verde,Espacio verde 2089,-34.57410372016451,-58.41642427855665,#2ca02c
2090,espacio_verde,Espacio verde 2090,-34.572604874970125,-58.419716174495456,#2ca02c
2091,espacio_verde,Espacio verde 2091,-34.57136087452377,-58.422465519761616,#2ca02c
2092,espacio_verde,Espacio verde 2092,-34.571065175710466,-58.423720455587535,#2ca02c
2093,espacio_verde,Espacio verde 2093,-34.57016577125223,-58.42539092489446,#2ca02c
2094,espacio_verde,Espacio verde 2094,-34.57573494149895,-58.41388907302198,#2ca02c
2095,espacio_verde,Espacio verde 2095,-34.58240687372242,-58.400985676868764,#2ca02c
2096,espacio_verde,Espacio verde 2096,-34.57631384509012,-58.412632726087345,#2ca02c
2097,espacio_verde,Espacio verde 2097,-34.576854098248766,-58.41143285430097,#2ca02c
2098,espacio_verde,Espacio verde 2098,-34.577098858824975,-58.410887989941415,#2ca02c
2099,espacio_verde,Espacio verde 2099,-34.57780067019093,-58.40931517568536,#2ca02c
2100,espacio_verde,Espacio verde 2100,-34.578215567277795,-58.4083781882701,#2ca02c
2101,espacio_verde,Espacio verde 2101,-34.579601968744484,-58.40613067178069,#2ca02c
2102,espacio_verde,Espacio verde 2102,-34.58108333002191,-58.404289714034086,#2ca02c
2103,espacio_verde,Espacio verde 2103,-34.58211276870681,-58.401919035253826,#2ca02c
2104,espacio_verde,Espacio verde 2104,-34.58276261596472,-58.39991145472639,#2ca02c
2105,espacio_verde,Espacio verde 2105,-34.5782159048401,-58.40713833205516,#2ca02c
2106,espacio_verde,Espacio verde 2106,-34.58171464278411,-58.40309711581004,#2ca02c
2107,espacio_verde,Espacio verde 2107,-34.602929210953626,-58.46461475249265,#2ca02c
2108,espacio_verde,Espacio verde 2108,-34.59834642862272,-58.481891850052314,#2ca02c
2109,espacio_verde,Espacio verde 2109,-34.59764601011316,-58.48463706588433,#2ca02c
2110,espacio_verde,Espacio verde 2110,-34.597325602194886,-58.488939944754215,#2ca02c
2111,espacio_verde,Espacio verde 2111,-34.59696346047826,-58.49435743510391,#2ca02c
2112,espacio_verde,Espacio verde 2112,-34.59588369087851,-58.499667372617324,#2ca02c
2113,espacio_verde,Espacio verde 2113,-34.59131941856709,-58.51246858837244,#2ca02c
2114,espacio_verde,Espacio verde 2114,-34.59269739679812,-58.50867323109458,#2ca02c
2115,espacio_verde,Espacio verde 2115,-34.59211593080878,-58.50936833846314,#2ca02c
2116,espacio_verde,Parque Ferroviario Palermo,-34.58324280934786,-58.43050037211522,#2ca02c
2117,espacio_verde,Espacio verde 2117,-34.58406903745237,-58.430912737656875,#2ca02c
2118,espacio_verde,Espacio verde 2118,-34.58187686555497,-58.43007713553437,#2ca02c
2119,espacio_verde,Espacio verde 2119,-34.58214147945461,-58.43007759673964,#2ca02c
2120,espacio_verde,Espacio verde 2120,-34.58538068624756,-58.434776755744245,#2ca02c
2121,espacio_verde,Espacio verde 2121,-34.592260484775245,-58.44071413563954,#2ca02c
2122,espacio_verde,Espacio verde 2122,-34.594702032481344,-58.44423857154196,#2ca02c
2123,espacio_verde,Espacio verde 2123,-34.597107193733024,-58.447694602630726,#2ca02c
2124,espacio_verde,Espacio verde 2124,-34.60009364670396,-58.45203811414316,#2ca02c
2125,espacio_verde,Espacio verde 2125,-34.60400450245189,-58.45784978516369,#2ca02c
2126,espacio_verde,Espacio verde 2126,-34.604999242403686,-58.45915634675085,#2ca02c
2127,espacio_verde,Espacio verde 2127,-34.607394983910424,-58.462754082730065,#2ca02c
2128,espacio_verde,Espacio verde 2128,-34.611288186847844,-58.46785639427327,#2ca02c
2129,espacio_verde,Espacio verde 2129,-34.61447751102009,-58.47267645654978,#2ca02c
2130,espacio_verde,Espacio verde 2130,-34.618090398307785,-58.47609935372638,#2ca02c
2131,espacio_verde,Espacio verde 2131,-34.62206246413663,-58.48082747611278,#2ca02c
2132,espacio_verde,Espacio verde 2132,-34.625131305187324,-58.48593498064363,#2ca02c
2133,espacio_verde,Espacio verde 2133,-34.627438818922485,-58.49167316498648,#2ca02c
2134,espacio_verde,Espacio verde 2134,-34.62952216761691,-58.49485095814292,#2ca02c
2135,espacio_verde,Espacio verde 2135,-34.63252925530048,-58.50173813865126,#2ca02c
2136,espacio_verde,Espacio verde 2136,-34.63432463170321,-58.50676452749475,#2ca02c
2137,espacio_verde,Espacio verde 2137,-34.6335032409994,-58.51384140258406,#2ca02c
2138,espacio_verde,Espacio verde 2138,-34.62669171621725,-58.4904121071873,#2ca02c
2139,espacio_verde,Espacio verde 2139,-34.631814566384534,-58.50025759060633,#2ca02c
2140,espacio_verde,Espacio verde 2140,-34.633865387601915,-58.40654088996918,#2ca02c
2141,espacio_verde,Espacio verde 2141,-34.63184309904227,-58.401165382704384,#2ca02c
2142,espacio_verde,Espacio verde 2142,-34.629945865948564,-58.39398019610392,#2ca02c
2143,espacio_verde,Espacio verde 2143,-34.63088398230914,-58.40698175325037,#2ca02c
2144,espacio_verde,Espacio verde 2144,-34.633792982630695,-58.410463133189545,#2ca02c
2145,espacio_verde,Plaza Villa Santa Rita,-34.610459947126564,-58.488239423633686,#2ca02c
2146,espacio_verde,Espacio verde 2146,-34.6733952450264,-58.493537645999126,#2ca02c
2147,espacio_verde,Espacio verde 2147,-34.673616576631446,-58.4937706877419,#2ca02c
2148,espacio_verde,Espacio verde 2148,-34.673658224105566,-58.49576177772639,#2ca02c
2149,espacio_verde,Espacio verde 2149,-34.673597572303635,-58.49481821700416,#2ca02c
2150,espacio_verde,Espacio verde 2150,-34.67461327865041,-58.49806893963042,#2ca02c
2151,espacio_verde,Espacio verde 2151,-34.65666989202652,-58.52134051999522,#2ca02c
2152,espacio_verde,Espacio verde 2152,-34.576059951161334,-58.4052503826291,#2ca02c
2153,espacio_verde,Espacio verde 2153,-34.575029309621314,-58.406488711639874,#2ca02c
2154,espacio_verde,Espacio verde 2154,-34.57340347210088,-58.408692244955674,#2ca02c
2155,espacio_verde,Plazoleta Joseph Kessel - Monumento Jean Mermoz,-34.568435283534534,-58.400947863379926,#2ca02c
2156,espacio_verde,Parque Salguero,-34.5684121022434,-58.39714723496515,#2ca02c
2157,espacio_verde,Espacio verde 2157,-34.56570499094301,-58.40213800667274,#2ca02c
2158,espacio_verde,Espacio verde 2158,-34.55601894139035,-58.41444079445555,#2ca02c
2159,espacio_verde,Espigón Puerto Argentino,-34.556887950553005,-58.40976503669484,#2ca02c
2160,espacio_verde,Plaza Memoria AMIA,-34.54033801817422,-58.44091715380542,#2ca02c
2161,espacio_verde,Reserva Ecológica Ciudad Universitaria Costanera Norte,-34.538023242043344,-58.444171424042416,#2ca02c
2162,espacio_verde,Espacio verde 2162,-34.673668529602566,-58.45566395138319,#2ca02c
2163,espacio_verde,Espacio verde 2163,-34.674396409618026,-58.45650334814196,#2ca02c
2164,espacio_verde,Espacio verde 2164,-34.674332894952215,-58.454819083566704,#2ca02c
2165,espacio_verde,Plazoleta Barrio Papa Francisco,-34.67305904818819,-58.46014463562084,#2ca02c
2166,espacio_verde,Espacio verde 2166,-34.61759032960531,-58.35161125623979,#2ca02c
2167,espacio_verde,Espacio verde 2167,-34.617077017298065,-58.35143518146241,#2ca02c
2168,espacio_verde,Centro de Cuidado Integral Rodrigo Bueno,-34.61752615466788,-58.351261029870116,#2ca02c
2169,espacio_verde,Espacio verde 2169,-34.618706390956575,-58.35188122185239,#2ca02c
2170,espacio_verde,Espacio verde 2170,-34.61864127245015,-58.353333132554,#2ca02c
2171,espacio_verde,Espacio verde 2171,-34.61912144718809,-58.353596960216414,#2ca02c
2172,espacio_verde,Espacio verde 2172,-34.61908956391072,-58.35312058862905,#2ca02c
2173,espacio_verde,Espacio verde 2173,-34.61858254010959,-58.35163002804289,#2ca02c
2174,espacio_verde,Espacio verde 2174,-34.61888479595059,-58.35233349114852,#2ca02c
2175,espacio_verde,Espacio verde 2175,-34.61918859364003,-58.35472929973971,#2ca02c
2176,espacio_verde,Espacio verde 2176,-34.61789738022226,-58.35074227823111,#2ca02c
2177,tren,3 de Febrero,-34.57187557452701,-58.42521590019884,#d62728
2178,tren,Antonio Devoto,-34.59560497644177,-58.510564999657916,#d62728
2179,tren,Belgrano C,-34.558602977874344,-58.44925061822621,#d62728
2180,tren,Belgrano R,-34.567788741212325,-58.4624500939876,#d62728
2181,tren,Buenos Aires,-34.64535028060146,-58.393869395876266,#d62728
2182,tren,Caballito,-34.619281313431756,-58.44391005839142,#d62728
2183,tren,Ciudad Universitaria,-34.543733488263484,-58.44656939484064,#d62728
2184,tren,Coghlan,-34.565359590919655,-58.47515490923982,#d62728
2185,tren,Colegiales,-34.573024284005584,-58.44819199016154,#d62728
2186,tren,Constitución,-34.62885203837414,-58.380674080061155,#d62728
2187,tren,Devoto,-34.60267485983368,-58.51265664366834,#d62728
2188,tren,Dr. Antonio Sáenz,-34.64910993910678,-58.415227168818284,#d62728
2189,tren,Dr. Francisco Beiró,-34.5931694373394,-58.494308525678505,#d62728
2190,tren,Dr. Lisandro de la Torre,-34.56253886667018,-58.43674464755534,#d62728
2191,tren,El Libertador,-34.59447796490903,-58.50302102566902,#d62728
2192,tren,Estación Once,-34.60862987687631,-58.40782723380976,#d62728
2193,tren,Federico Lacroze,-34.58687555104254,-58.45578378385564,#d62728
2194,tren,Flores,-34.62789656331278,-58.466247515727055,#d62728
2195,tren,Floresta,-34.63238431096948,-58.48088088669235,#d62728
2196,tren,General Urquiza,-34.57473250187778,-58.48784952191221,#d62728
2197,tren,Hipólito Yrigoyen,-34.653595620660866,-58.37888733823568,#d62728
2198,tren,José Artigas,-34.590104829428924,-58.466296196115955,#d62728
2199,tren,La Paternal,-34.59697820787978,-58.46701517042347,#d62728
2200,tren,Liniers,-34.63889875442699,-58.526465180128824,#d62728
2201,tren,Luis María Drago,-34.5684025810177,-58.47894737123798,#d62728
2202,tren,Luis María Saavedra,-34.55442849705282,-58.48681529664287,#d62728
2203,tren,Ministro Carranza,-34.57561115414147,-58.43496662856017,#d62728
2204,tren,Núñez,-34.54848356111247,-58.46274930011003,#d62728
2205,tren,Palermo,-34.57893684466901,-58.4268347477585,#d62728
2206,tren,Pedro Arata,-34.5924808425556,-58.47643226657313,#d62728
2207,tren,Presidente Illia,-34.665448747968064,-58.448622774511605,#d62728
2208,tren,Pueyrredón,-34.58048707712406,-58.50170118212054,#d62728
2209,tren,Retiro,-34.59081198548558,-58.37512288514201,#d62728
2210,tren,Retiro,-34.58930505170659,-58.37336094844152,#d62728
2211,tren,Retiro,-34.590189346824616,-58.37415420018353,#d62728
2212,tren,Rivadavia,-34.536614209873996,-58.468003916656244,#d62728
2213,tren,Saldías,-34.57565922824308,-58.39936374786107,#d62728
2214,tren,Scalabrini Ortiz,-34.54831646853125,-58.4382473940573,#d62728
2215,tren,Villa Crespo (ex Chacarita),-34.59252734424225,-58.44647713498287,#d62728
2216,tren,Villa del Parque,-34.601455970839744,-58.49415964029635,#d62728
2217,tren,Villa Lugano,-34.67731129104143,-58.47711982642373,#d62728
2218,tren,Villa Luro,-34.63620095961024,-58.501712223119256,#d62728
2219,tren,Villa Soldati,-34.66223221330092,-58.44093425553207,#d62728
2220,tren,Abbott,-35.28129500942761,-58.80279356777368,#d62728
2221,tren,Acassuso,-34.47984466239989,-58.50402175599086,#d62728
2222,tren,Adolfo Sourdeaux,-34.50299905585748,-58.666462708792075,#d62728
2223,tren,Adrogué,-34.797817126201885,-58.39424149191243,#d62728
2224,tren,Agustín Ferrari,-34.706063889415944,-58.77939355605926,#d62728
2225,tren,Aldo Bonzi,-34.71075962677399,-58.51437251229124,#d62728
2226,tren,Alejandro Korn,-34.98038757794364,-58.37382936972327,#d62728
2227,tren,Alejandro Petión,-34.97809059966395,-58.67540440999109,#d62728
2228,tren,Altamirano,-35.36110588282554,-58.15115862439983,#d62728
2229,tren,Altimpergher,-34.52014090226427,-58.75334343041436,#d62728
2230,tren,"Apeadero ""Dr. Ricardo Levene""",-35.02165663458425,-58.72380447122397,#d62728
2231,tren,Apeadero Kloosterman,-34.98636599610312,-58.68970805830323,#d62728
2232,tren,Aristóbulo del Valle,-34.537683861695804,-58.47816624531613,#d62728
2233,tren,Av. Maipú,-34.51398192040446,-58.48828237082996,#d62728
2234,tren,Bancalari,-34.47970271863558,-58.602882693124656,#d62728
2235,tren,Banfield,-34.7435397794875,-58.395358835796934,#d62728
2236,tren,Bartolomé Mitre,-34.515019605006366,-58.489224078175845,#d62728
2237,tren,Beccar,-34.46065439501875,-58.52668318737865,#d62728
2238,tren,Bella Vista,-34.56379976578522,-58.68466089946236,#d62728
2239,tren,Benavídez,-34.409277469989114,-58.684611319586004,#d62728
2240,tren,Berazategui,-34.76413104742798,-58.20842865064916,#d62728
2241,tren,Bernal,-34.70932981028496,-58.28048148637693,#d62728
2242,tren,Borges,-34.50850154162181,-58.48471321009081,#d62728
2243,tren,Bosques,-34.81958729022254,-58.23011606601809,#d62728
2244,tren,Boulogne Sur Mer,-34.50861753026708,-58.56532165467617,#d62728
2245,tren,Burzaco,-34.825117902321516,-58.391401966028845,#d62728
2246,tren,Campo de Mayo,-34.54376535183564,-58.685758301416236,#d62728
2247,tren,Canal San Fernando,-34.42995283152897,-58.56286886944351,#d62728
2248,tren,Cañuelas,-35.05922754747488,-58.75425154323478,#d62728
2249,tren,Capilla,-34.291845457672615,-59.10694599383332,#d62728
2250,tren,Capilla del Señor,-34.28695116585888,-59.10171462057733,#d62728
2251,tren,Capitán Lozano,-34.55537668275518,-58.669762887985975,#d62728
2252,tren,Carapachay,-34.528805328989606,-58.537383552043956,#d62728
2253,tren,Carlos Spegazzini,-34.91002430978792,-58.594359258765266,#d62728
2254,tren,Carupá,-34.43771294306219,-58.56721895334156,#d62728
2255,tren,Caseros,-34.60459840711987,-58.56456058485908,#d62728
2256,tren,Castelar,-34.65202267335601,-58.641946598807,#d62728
2257,tren,Cetrángolo,-34.52313534470526,-58.494132113346865,#d62728
2258,tren,Chilavert,-34.542479712244194,-58.56655809676695,#d62728
2259,tren,City Bell,-34.865781355057024,-58.04201010247241,#d62728
2260,tren,Ciudadela,-34.63997314387962,-58.54127151660328,#d62728
2261,tren,Claypole,-34.80118334444474,-58.33831059191995,#d62728
2262,tren,Coronel Brandsen,-35.16791010321871,-58.23189755268917,#d62728
2263,tren,Coronel F. Lynch,-34.59719650831005,-58.524363606746924,#d62728
2264,tren,Darío Santillán y Maximiliano Kosteki,-34.66203758143972,-58.37663867075505,#d62728
2265,tren,De Elía,-34.70980678270647,-58.506133921873264,#d62728
2266,tren,Del Viso,-34.453867794170755,-58.79571311405638,#d62728
2267,tren,Delta,-34.41849964254023,-58.576859140901284,#d62728
2268,tren,Doctor Domingo Cabred,-34.48785948263319,-59.07571769515787,#d62728
2269,tren,Domselaar,-35.07005314443211,-58.29071171112879,#d62728
2270,tren,Don Bosco,-34.703282671628045,-58.296428955406554,#d62728
2271,tren,Don Torcuato,-34.50269204032738,-58.64189394416898,#d62728
2272,tren,Dr. Albert Schweitzer,-34.472038300435806,-58.57435310616345,#d62728
2273,tren,Ejército de los Andes,-34.580141172552814,-58.64034464552957,#d62728
2274,tren,El Jagüel,-34.83323954984928,-58.49613566901129,#d62728
2275,tren,El Palomar,-34.604929967793794,-58.596038785040854,#d62728
2276,tren,Empalme Lobos,-35.15155885988287,-59.09093965275986,#d62728
2277,tren,Escobar,-34.34959792622342,-58.795055348483245,#d62728
2278,tren,Estación El Talar,-34.462735628364975,-58.64608251650584,#d62728
2279,tren,"Estación ""La Salada""",-34.71877197695961,-58.472789403055245,#d62728
2280,tren,Estanislao S. Zeballos,-34.81097316657124,-58.25679133087899,#d62728
2281,tren,"Ex-estación ""La Salada""",-34.717907789162595,-58.479938810541405,#d62728
2282,tren,Ezeiza,-34.85406050598544,-58.522890075259916,#d62728
2283,tren,Ezpeleta,-34.75181292245215,-58.23432051304694,#d62728
2284,tren,Fátima,-34.436765294919375,-58.99058418484783,#d62728
2285,tren,Fernández Moreno,-34.59554609989093,-58.5352832585905,#d62728
2286,tren,Fiorito,-34.705396126436916,-58.44097704283311,#d62728
2287,tren,Florencio Varela,-34.811129505249475,-58.274075148523806,#d62728
2288,tren,Florida,-34.530152642960374,-58.49442216758263,#d62728
2289,tren,Florida (Belgrano),-34.53708419179525,-58.513187321003656,#d62728
2290,tren,Francisco Álvarez,-34.632223870194046,-58.855299512048305,#d62728
2291,tren,Garín,-34.42158758404948,-58.7366034468744,#d62728
2292,tren,General Hornos,-34.89227018335908,-58.9179408909148,#d62728
2293,tren,General Las Heras,-34.92802428381361,-58.94452880597068,#d62728
2294,tren,General Lemos,-34.533128242407585,-58.700558754966195,#d62728
2295,tren,General Pacheco,-34.456034083046184,-58.61979292956449,#d62728
2296,tren,General Rodríguez,-34.60888278492901,-58.953014800939435,#d62728
2297,tren,General Sarmiento,-34.543788168844,-58.7142358016109,#d62728
2298,tren,Gerli,-34.6856452660867,-58.382638361360186,#d62728
2299,tren,Glew,-34.88867424960079,-58.38374970646307,#d62728
2300,tren,González Catán,-34.771557953037565,-58.646617002002536,#d62728
2301,tren,Grand Bourg,-34.48539913735965,-58.725092331236084,#d62728
2302,tren,Guernica,-34.917968539485805,-58.38058478020588,#d62728
2303,tren,Guillermo Enrique Hudson,-34.79107484627263,-58.15538466600893,#d62728
2304,tren,Haedo (Roca),-34.64503424992396,-58.59184010770112,#d62728
2305,tren,Haedo (Sarmiento),-34.64458012117363,-58.59179163505316,#d62728
2306,tren,Hospital Español,-34.78617855677185,-58.40773863289051,#d62728
2307,tren,Hurlingham,-34.59112104068039,-58.63229857096638,#d62728
2308,tren,Independencia,-34.760382338190695,-58.615787534111135,#d62728
2309,tren,Ing. Dante Ardigó,-34.80895125872889,-58.30221513117314,#d62728
2310,tren,Ingeniero Budge,-34.71865334356075,-58.46216174001276,#d62728
2311,tren,Ingeniero Castello,-34.71066535465941,-58.50646672255468,#d62728
2312,tren,Ingeniero Maschwitz,-34.382968044187045,-58.73636483038645,#d62728
2313,tren,Ingeniero Pablo Marín,-34.62275607444499,-58.89345035262414,#d62728
2314,tren,Ingeniero Rómulo Otamendi,-34.22214260607193,-58.89652336858851,#d62728
2315,tren,Ingeniero S. Brian,-34.658130710496884,-58.57296945478776,#d62728
2316,tren,Intendente Pedro P. Turner,-34.73319671249164,-58.474906597526825,#d62728
2317,tren,Isidro Casanova,-34.704562773614306,-58.58749086688367,#d62728
2318,tren,Ituzaingó,-34.65954339671195,-58.666178958063554,#d62728
2319,tren,J. Anchorena,-34.48903759089642,-58.48120807470318,#d62728
2320,tren,Jeppener,-35.27760725449243,-58.198230452711776,#d62728
2321,tren,Jorge Newbery,-34.58785789771755,-58.62102363345031,#d62728
2322,tren,José C. Paz,-34.5190673769404,-58.750348162796946,#d62728
2323,tren,José Hernández,-34.907086945864535,-58.01868558170275,#d62728
2324,tren,José Ingenieros,-34.710781713143405,-58.53723821158177,#d62728
2325,tren,José León Suárez,-34.53461683336524,-58.576341850999086,#d62728
2326,tren,José María Bosch,-34.590014406986846,-58.57184475842205,#d62728
2327,tren,José Mármol,-34.791962260976355,-58.38104149183471,#d62728
2328,tren,Juan B. de La Salle,-34.573301954263684,-58.64557277530775,#d62728
2329,tren,Juan B. Justo,-34.542541806077764,-58.494661751648906,#d62728
2330,tren,Juan María Gutiérrez,-34.83401133075076,-58.18563692012601,#d62728
2331,tren,Juan Vucetich,-34.843854044523304,-58.14557446109784,#d62728
2332,tren,Juan Vucetich,-34.507209930534216,-58.7999488664697,#d62728
2333,tren,Juan XXIII,-34.77132189212158,-58.44414675278911,#d62728
2334,tren,Justo Villegas,-34.7089965079048,-58.551894462651134,#d62728
2335,tren,Kilómetro 12,-34.71002084614939,-58.50599867309804,#d62728
2336,tren,Km 34,-34.74373949916018,-58.46480036782784,#d62728
2337,tren,"Km 34,5",-34.68014032187272,-58.76021031818555,#d62728
2338,tren,La Fraternidad,-34.59843837524884,-58.997778359725,#d62728
2339,tren,La Lucila,-34.49767969458047,-58.48834803937373,#d62728
2340,tren,La Noria,-35.16523583085291,-58.78812068860606,#d62728
2341,tren,La Plata,-34.903680641932084,-57.95039490158763,#d62728
2342,tren,La Plata - FCPBA,-34.940218679575324,-57.938200538620464,#d62728
2343,tren,La Reja,-34.63978869922353,-58.8283168423995,#d62728
2344,tren,La Tablada,-34.693003649982906,-58.52810899773472,#d62728
2345,tren,Laferrere,-34.75080782750573,-58.58451371429797,#d62728
2346,tren,Lanús,-34.707389335607,-58.39056696297573,#d62728
2347,tren,Las Barrancas,-34.47238115890088,-58.49309834059667,#d62728
2348,tren,Las Malvinas,-34.61621160000952,-58.92156810146368,#d62728
2349,tren,Lezica y Torrezuri,-34.58460156677709,-59.05671794127745,#d62728
2350,tren,Libertad,-34.692144102771934,-58.686500019008726,#d62728
2351,tren,Libertador,-34.50159737107447,-58.48186135251807,#d62728
2352,tren,Llavallol,-34.797105069988326,-58.42922128522252,#d62728
2353,tren,Lobos,-35.18476325841433,-59.09277155022261,#d62728
2354,tren,Lomas de Zamora,-34.76097756420045,-58.39719262063138,#d62728
2355,tren,Longchamps,-34.859334411912776,-58.38727167964141,#d62728
2356,tren,López Camelo,-34.446921127083336,-58.67736571655547,#d62728
2357,tren,Los Cardales,-34.33090711336983,-58.98741081934489,#d62728
2358,tren,Los Polvorines,-34.49902676885959,-58.69453144962468,#d62728
2359,tren,Lourdes,-34.59378531032301,-58.54697566320891,#d62728
2360,tren,Luis Guillón,-34.80328512663782,-58.44857585514457,#d62728
2361,tren,Luján,-34.57769608634658,-59.10509616492056,#d62728
2362,tren,Malaver,-34.55743352238509,-58.54785855428555,#d62728
2363,tren,Manuel Alberti,-34.4625593071142,-58.77624800130559,#d62728
2364,tren,Manuel B. Gonnet,-34.87990843645811,-58.01063688734762,#d62728
2365,tren,Manzanares,-34.45207993867713,-59.0064325864769,#d62728
2366,tren,Manzone,-34.486118690218326,-58.87530185651132,#d62728
2367,tren,Maquinista Savio,-34.40687113480071,-58.7720226555289,#d62728
2368,tren,Marcos Paz (Belgrano),-34.7865231155745,-58.829671439599224,#d62728
2369,tren,Marcos Paz (Sarmiento),-34.783242437375335,-58.83669698356406,#d62728
2370,tren,María Eva Duarte,-34.75615592830822,-58.60086727662504,#d62728
2371,tren,Mariano Acosta,-34.724389905688675,-58.79300020267282,#d62728
2372,tren,Marina Nueva,-34.44457189494086,-58.53899838459101,#d62728
2373,tren,Marinos de Fournier,-34.69012130342082,-58.50746304328061,#d62728
2374,tren,Marinos del Crucero General Belgrano,-34.708796668771,-58.730865581537984,#d62728
2375,tren,Martín Coronado,-34.58899602300308,-58.590541578305256,#d62728
2376,tren,Martínez,-34.488317303928895,-58.49680149297001,#d62728
2377,tren,Matheu,-34.382859426500744,-58.82965679220166,#d62728
2378,tren,Máximo Paz,-34.93639559781667,-58.620604386470575,#d62728
2379,tren,Merlo,-34.664386250492235,-58.727748937228334,#d62728
2380,tren,Merlo Gómez,-34.69703326001386,-58.6476064835646,#d62728
2381,tren,Miguelete,-34.5810941387932,-58.517007632920176,#d62728
2382,tren,Monte Grande,-34.814367117051454,-58.46977302737916,#d62728
2383,tren,Moreno,-34.65051085559178,-58.78975351283443,#d62728
2384,tren,Morón,-34.64826567540001,-58.61968963454579,#d62728
2385,tren,Munro,-34.53171555752562,-58.52376942129638,#d62728
2386,tren,Muñiz,-34.55129612739897,-58.703419054196175,#d62728
2387,tren,Olivos,-34.507825626094395,-58.480602292624376,#d62728
2388,tren,Pablo Nogués,-34.49372264034197,-58.70639238179603,#d62728
2389,tren,Pablo Podestá,-34.5883511080569,-58.60798664737696,#d62728
2390,tren,Padilla,-34.54340977591915,-58.50076270664791,#d62728
2391,tren,Parada Arquitectura,-34.90471581012134,-57.94251736298898,#d62728
2392,tren,Parada Diagonal 73,-34.92010173014934,-57.91917038298201,#d62728
2393,tren,Parada Informática,-34.90324000946101,-57.936032877259635,#d62728
2394,tren,Parada Medicina,-34.90900200910375,-57.927893821630285,#d62728
2395,tren,Parada Periodismo,-34.91216125406347,-57.924305849557,#d62728
2396,tren,Parada Policlínico / 1 y 72,-34.92527822247752,-57.92120575599068,#d62728
2397,tren,Paso del Rey,-34.65823606186504,-58.76209908834553,#d62728
2398,tren,Pavón,-34.380490118741356,-59.04004393170016,#d62728
2399,tren,Pereyra,-34.836569368871736,-58.0946450199778,#d62728
2400,tren,Pilar (San Martín),-34.46866149385122,-58.90821544071775,#d62728
2401,tren,Pilar (Urquiza),-34.46454548861323,-58.91657748345336,#d62728
2402,tren,Piñero,-34.51532269878219,-58.77066073779202,#d62728
2403,tren,Plátanos,-34.782313552246194,-58.170828121461525,#d62728
2404,tren,Presidente Derqui,-34.490994938693746,-58.83845025443712,#d62728
2405,tren,Puente Alsina,-34.66113530213243,-58.41563745381099,#d62728
2406,tren,Punta Chica,-34.45050524283761,-58.52384768491807,#d62728
2407,tren,Querandí,-34.72235677559538,-58.530653710065906,#d62728
2408,tren,Quilmes,-34.72480576780309,-58.2605721534603,#d62728
2409,tren,Rafael Calzada,-34.79669596446354,-58.359113629002906,#d62728
2410,tren,Rafael Castillo,-34.699699169316574,-58.62631413891518,#d62728
2411,tren,Ramos Mejía,-34.64048082805645,-58.56425150591835,#d62728
2412,tren,Ranelagh,-34.7893663334492,-58.2032297480227,#d62728
2413,tren,Remedios de Escalada,-34.72705665369981,-58.39360401078491,#d62728
2414,tren,Ringuelet,-34.8815479443354,-57.99647581871378,#d62728
2415,tren,Río Luján,-34.27810739924278,-58.89022929199469,#d62728
2416,tren,Rubén Darío,-34.58754125174666,-58.62984433370274,#d62728
2417,tren,Rufino de Elizalde,-34.957464226029714,-57.943912603515884,#d62728
2418,tren,Sáenz Peña,-34.60317028957033,-58.527882915278774,#d62728
2419,tren,San Andrés,-34.56361665300118,-58.54059444105298,#d62728
2420,tren,San Antonio de Padua,-34.665468405041864,-58.69869681639339,#d62728
2421,tren,San Fernando C,-34.44421527256488,-58.5587915652762,#d62728
2422,tren,San Fernando R,-34.437541578676885,-58.55395516874744,#d62728
2423,tren,San Isidro,-34.471963510899464,-58.51357494326025,#d62728
2424,tren,San Isidro R,-34.46531574998841,-58.50847087636146,#d62728
2425,tren,San Justo,-34.673835573096774,-58.55580981076053,#d62728
2426,tren,San Martín,-34.573714988569726,-58.53157906656693,#d62728
2427,tren,San Miguel,-34.544552541379446,-58.71258708130158,#d62728
2428,tren,Sánchez de Mendeville,-34.71246140229767,-58.5238654357565,#d62728
2429,tren,Santa Catalina,-34.7803571523533,-58.43738013722768,#d62728
2430,tren,Santa Sofía,-34.8251222562673,-58.21300039775061,#d62728
2431,tren,Santos Lugares,-34.60369485523194,-58.54097594100011,#d62728
2432,tren,Sarandí,-34.678891688735824,-58.34513866506885,#d62728
2433,tren,Sargento Barrufaldi,-34.56242907475212,-58.660227437790944,#d62728
2434,tren,Sargento Cabral,-34.537206321549675,-58.69492236222669,#d62728
2435,tren,Sol y Verde,-34.50400264256276,-58.79766332658582,#d62728
2436,tren,Sourigues,-34.8065615485445,-58.212756329812045,#d62728
2437,tren,Speratti,-34.999241033381985,-58.9977262793939,#d62728
2438,tren,Sucre,-34.506306744829594,-59.11135929484403,#d62728
2439,tren,Tapiales,-34.70248805516488,-58.51157373120266,#d62728
2440,tren,Temperley,-34.77589635726653,-58.39652973201855,#d62728
2441,tren,Teniente Agneta,-34.548860475933694,-58.67877445639079,#d62728
2442,tren,Teniente General Pablo Ricchieri,-34.56125525723323,-58.691368735796495,#d62728
2443,tren,Tierras Altas,-34.47898927967807,-58.73944360354839,#d62728
2444,tren,Tigre,-34.42359703099207,-58.58167967793535,#d62728
2445,tren,Tolosa,-34.89091073973111,-57.968191669242955,#d62728
2446,tren,Toro,-34.494717338974674,-58.844471987875984,#d62728
2447,tren,Torres,-34.43278799835511,-59.12903240933492,#d62728
2448,tren,Tortuguitas,-34.47072834567622,-58.757934699971955,#d62728
2449,tren,Tristán Suárez,-34.889400931216045,-58.56790600782278,#d62728
2450,tren,Tropezón,-34.591920173150584,-58.559267812637216,#d62728
2451,tren,Turdera,-34.79508491911549,-58.40781609512419,#d62728
2452,tren,Unión Ferroviaria,-34.870271288799486,-58.543376965417046,#d62728
2453,tren,Universidad de Luján,-34.577450361829214,-59.08720391111079,#d62728
2454,tren,Uribelarrea,-35.11542507625092,-58.89840083443176,#d62728
2455,tren,Veinte de Junio,-34.78025669337994,-58.737950557601444,#d62728
2456,tren,Vicealmirante Montes,-34.504123663698024,-58.62011022175169,#d62728
2457,tren,Vicente Casares,-34.96225055526161,-58.64795066412325,#d62728
2458,tren,Vicente López,-34.5248387009881,-58.47276400064025,#d62728
2459,tren,Victoria,-34.45640768744954,-58.54046604344664,#d62728
2460,tren,Villa Adelina,-34.523730159393445,-58.54621392601971,#d62728
2461,tren,Villa Astolfi,-34.47866856733365,-58.876954142315604,#d62728
2462,tren,Villa Ballester,-34.55098731692484,-58.556046406304475,#d62728
2463,tren,Villa Caraza,-34.698027137082086,-58.42917869404012,#d62728
2464,tren,Villa de Mayo,-34.50337851304764,-58.68070401951349,#d62728
2465,tren,Villa Diamante,-34.68140511317664,-58.42833864912682,#d62728
2466,tren,Villa Domínico,-34.69147003237294,-58.32543298899859,#d62728
2467,tren,Villa Elisa,-34.849632100848154,-58.07515034042929,#d62728
2468,tren,Villa España,-34.774351447485735,-58.19490245052368,#d62728
2469,tren,Villa Madero,-34.68407105486788,-58.492419445137315,#d62728
2470,tren,Villa Rosa,-34.41657559595767,-58.87151102322087,#d62728
2471,tren,Villars,-34.82893720074529,-58.93837703229719,#d62728
2472,tren,Virreyes,-34.450636768781706,-58.55071245417065,#d62728
2473,tren,Wilde,-34.69751970590955,-58.31135197185844,#d62728
2474,tren,William Morris,-34.57835383904754,-58.656774323361645,#d62728
2475,tren,Zamudio,-34.85790064871327,-58.8922326874134,#d62728
2476,tren,Zapiola,-35.05841674314386,-59.042025875153,#d62728
2477,tren,Zelaya,-34.3701245570181,-58.8692909866509,#d62728
2478,subte,Estación de subte 1,-34.63575018,-58.39892759,#1f77b4
2479,subte,Estación de subte 2,-34.62937566,-58.40096956,#1f77b4
2480,subte,Estación de subte 3,-34.62309232,-58.40232273,#1f77b4
2481,subte,Estación de subte 4,-34.61524215,-58.40473172,#1f77b4
2482,subte,Estación de subte 5,-34.60893524,-58.40603638,#1f77b4
2483,subte,Estación de subte 6,-34.6042452,-58.38057434,#1f77b4
2484,subte,Estación de subte 7,-34.59975708,-58.39792376,#1f77b4
2485,subte,Estación de subte 8,-34.60158717,-58.38514236,#1f77b4
2486,subte,Estación de subte 9,-34.59162784,-58.40716132,#1f77b4
2487,subte,Estación de subte 10,-34.58515594,-58.41595542,#1f77b4
2488,subte,Estación de subte 11,-34.58141119,-58.42119601,#1f77b4
2489,subte,Estación de subte 12,-34.57842202,-58.42571144,#1f77b4
2490,subte,Estación de subte 13,-34.59119381,-58.37401822,#1f77b4
2491,subte,Estación de subte 14,-34.60176992,-58.37815578,#1f77b4
2492,subte,Estación de subte 15,-34.60484374,-58.37952998,#1f77b4
2493,subte,Estación de subte 16,-34.60898331,-58.38061072,#1f77b4
2494,subte,Estación de subte 17,-34.61261728,-58.38044447,#1f77b4
2495,subte,Estación de subte 18,-34.6181256,-58.38017361,#1f77b4
2496,subte,Estación de subte 19,-34.62761945,-58.38143443,#1f77b4
2497,subte,Estación de subte 20,-34.60329729,-58.37507152,#1f77b4
2498,subte,Estación de subte 21,-34.60363711,-58.38071485,#1f77b4
2499,subte,Estación de subte 22,-34.60409355,-58.38729613,#1f77b4
2500,subte,Estación de subte 23,-34.60441954,-58.39231424,#1f77b4
2501,subte,Estación de subte 24,-34.60464297,-58.39947426,#1f77b4
2502,subte,Estación de subte 25,-34.60458106,-58.40539944,#1f77b4
2503,subte,Estación de subte 26,-34.60407952,-58.4117626,#1f77b4
2504,subte,Estación de subte 27,-34.6031649,-58.42096247,#1f77b4
2505,subte,Estación de subte 28,-34.60216223,-58.43127386,#1f77b4
2506,subte,Estación de subte 29,-34.59896736,-58.4397715,#1f77b4
2507,subte,Estación de subte 30,-34.59171815,-58.44757309,#1f77b4
2508,subte,Estación de subte 31,-34.60855907,-58.37426773,#1f77b4
2509,subte,Estación de subte 32,-34.60888172,-58.37908515,#1f77b4
2510,subte,Estación de subte 33,-34.60909981,-58.3822324,#1f77b4
2511,subte,Estación de subte 34,-34.60941259,-58.38677719,#1f77b4
2512,subte,Estación de subte 35,-34.60922568,-58.39266882,#1f77b4
2513,subte,Estación de subte 36,-34.60964596,-58.39842699,#1f77b4
2514,subte,Estación de subte 37,-34.60983358,-58.40120753,#1f77b4
2515,subte,Estación de subte 38,-34.60981725,-58.40670712,#1f77b4
2516,subte,Estación de subte 39,-34.61078169,-58.41518571,#1f77b4
2517,subte,Estación de subte 40,-34.61177023,-58.42181567,#1f77b4
2518,subte,Estación de subte 41,-34.61520561,-58.42950032,#1f77b4
2519,subte,Estación de subte 42,-34.61827997,-58.43642853,#1f77b4
2520,subte,Estación de subte 43,-34.62040521,-58.44117763,#1f77b4
2521,subte,Estación de subte 44,-34.60924243,-58.37368422,#1f77b4
2522,subte,Estación de subte 45,-34.61284911,-58.37758089,#1f77b4
2523,subte,Estación de subte 46,-34.61793739,-58.38153494,#1f77b4
2524,subte,Estación de subte 47,-34.62233949,-58.38514855,#1f77b4
2525,subte,Estación de subte 48,-34.62271967,-58.3915117,#1f77b4
2526,subte,Estación de subte 49,-34.62310987,-58.39706807,#1f77b4
2527,subte,Estación de subte 50,-34.62386571,-58.40293658,#1f77b4
2528,subte,Estación de subte 51,-34.62465379,-58.40939078,#1f77b4
2529,subte,Estación de subte 52,-34.62801755,-58.43381625,#1f77b4
2530,subte,Estación de subte 53,-34.63104184,-58.44217071,#1f77b4
2531,subte,Estación de subte 54,-34.58823711,-58.4112939,#1f77b4
2532,subte,Estación de subte 55,-34.59442572,-58.40239534,#1f77b4
2533,subte,Estación de subte 56,-34.59963955,-58.39312518,#1f77b4
2534,subte,Estación de subte 57,-34.5950574,-58.37781905,#1f77b4
2535,subte,Estación de subte 58,-34.62191673,-58.37992118,#1f77b4
2536,subte,Estación de subte 59,-34.63638919,-58.45027826,#1f77b4
2537,subte,Estación de subte 60,-34.62701547,-58.42678902,#1f77b4
2538,subte,Estación de subte 61,-34.62536611,-58.41553282,#1f77b4
2539,subte,Estación de subte 62,-34.57517836,-58.43501353,#1f77b4
2540,subte,Estación de subte 63,-34.57001231,-58.44466815,#1f77b4
2541,subte,Estación de subte 64,-34.56621524,-58.4521256,#1f77b4
2542,subte,Estación de subte 65,-34.56230909,-58.45648913,#1f77b4
2543,subte,Estación de subte 66,-34.58719785,-58.45502929,#1f77b4
2544,subte,Estación de subte 67,-34.64331216,-58.46165176,#1f77b4
2545,subte,Estación de subte 68,-34.64013735,-58.45789176,#1f77b4
2546,subte,Estación de subte 69,-34.60780234,-58.37395581,#1f77b4
2547,subte,Estación de subte 70,-34.60881031,-58.3709685,#1f77b4
2548,subte,Estación de subte 71,-34.55564177,-58.46237841,#1f77b4
2549,subte,Estación de subte 72,-34.6029895,-58.36992985,#1f77b4
2550,subte,Estación de subte 73,-34.58409462,-58.4662272,#1f77b4
2551,subte,Estación de subte 74,-34.58124885,-58.47424083,#1f77b4
2552,subte,Estación de subte 75,-34.62666659,-58.4567098,#1f77b4
2553,subte,Estación de subte 76,-34.62352895,-58.44864765,#1f77b4
2554,subte,Estación de subte 77,-34.6044902,-58.40545033,#1f77b4
2555,subte,Estación de subte 78,-34.63840599,-58.40579483,#1f77b4
2556,subte,Estación de subte 79,-34.64126894,-58.41238515,#1f77b4
2557,subte,Estación de subte 80,-34.57779738,-58.4810135,#1f77b4
2558,subte,Estación de subte 81,-34.57431891,-58.48638535,#1f77b4
2559,subte,Estación de subte 82,-34.63070709,-58.46963963,#1f77b4
2560,subte,Estación de subte 83,-34.62908723,-58.46354051,#1f77b4
2561,subte,Estación de subte 84,-34.59845511,-58.4037215,#1f77b4
2562,subte,Estación de subte 85,-34.58746155,-58.39721558,#1f77b4
2563,subte,Estación de subte 86,-34.5945254,-58.40237618,#1f77b4
2564,subte,Estación de subte 87,-34.58303634,-58.39101883,#1f77b4
2565,subte,Estación de subte 88,-34.59211436,-58.37584984,#1f77b4
2566,subte,Estación de subte 89,-34.59659682,-58.37170033,#1f77b4
2567,subte,Estación de subte 90,-34.60301391,-58.3704125,#1f77b4
